Granicell AAA Wiederaufladbare Batterien 1100 mAh Hohe Kapazität 1500 Zyklen, 1,2V NiMH Niedrige Selbstentladung AAA Batterie, 12er Pack,9,49 €,https://m.media-amazon.com/images/I/61uurrTySxL._AC_UL320_.jpg
VARTA Batterien AA, 100 Stück, Power on Demand, Alkaline, 1,5V, Vorratspack in umweltschonender Verpackung, ideal für Computerzubehör, Smart Home Geräte,39,99 €,https://m.media-amazon.com/images/I/81L7p75pbQL._AC_UL320_.jpg
Küchenwaage Digital, 10KG Küchenwaage mit LCD Display und Tara Funktion, Küchenwaage zum Backen und Kochen, Messen von Zutaten, Schmuck so weiter, 1g,11,99 €,https://m.media-amazon.com/images/I/71GlQQzWBBL._AC_UL320_.jpg
Mova V50 Ultra Complete Saugroboter mit Wischfunktion, Einer Saugkraft von 24.000 Pa, anhebbare Navigation mit 6 cm Hindernisüberwindung und Warmwasser-Wischen mit DuoSolution-System, weiß,1.199,00 €,https://m.media-amazon.com/images/I/619MXozzZ+L._AC_UL320_.jpg
Amazon Basics AA-Alkali-Hochleistungsbatterien, 1,5 V, 10 Jahre lagerfähig, 48 Stück,13,37 €,https://m.media-amazon.com/images/I/81rzA8nS6FL._AC_UL320_.jpg
Amazon Basics Ergonomische kabellose USB Maus - DPI einstellbar - Schwarz,13,49 €,https://m.media-amazon.com/images/I/61zntkiLcuL._AC_UL320_.jpg
Amazon Basics Einziehbarer Kugelschreiber - 12 Stück, Schwarz,4,63 €,https://m.media-amazon.com/images/I/81y314kpUsL._AC_UL320_.jpg
Amazon Basics Zylinder-Staubsauger, leistungsstark, kompakt und leicht, ohne Beutel, für Hart- und Teppichböden, HEPA-Filter, 700 W, 1,5 l, EU, Schwarz/Blau,64,99 €,https://m.media-amazon.com/images/I/61bipiXt9jL._AC_UL320_.jpg
Amazon Basics USB-C-auf-USB-C Schnellladekabel, 480 Mbit/s Geschwindigkeit, USB-IF-Zertifiziert, zum Schnellladen von Apple iPhone 16/15, iPad, MacBook, Samsung Galaxy, Tablets, Laptops, 1.8 m, Weiß,5,98 €,https://m.media-amazon.com/images/I/61c0UMl3MPL._AC_UL320_.jpg
Amazon Basics Wasserfilterkartuschen, 6 stück, 1er-Pack, passend für alle BRITA Systeme inkl. PerfectFit & Amazon Basics Systeme,22,39 €,https://m.media-amazon.com/images/I/7165McmNk0L._AC_UL320_.jpg
Amazon Basics Werkzeug-Set für den Haushalt, Stahllegierung, 32 Teile, Schwarz / Grau,21,99 €,https://m.media-amazon.com/images/I/614PYoNkfiL._AC_UL320_.jpg
Amazon Basics AA-NiMH-Akkus mit hoher Kapazität, wiederaufladbar, 2400 mAh, bis zu 400-mal aufladbar, vorgeladen, 12 Stück,17,24 €,https://m.media-amazon.com/images/I/715i0StnSlS._AC_UL320_.jpg
AIRROBO P25 Saugroboter, Staubsauger Roboter mit 2800 Pa Saugkraft, Roboterstaubsauger für Tierhaare/Hartböden/Teppich, Kompatibel mit Alexa und APP Steuerung, 120 Min Laufzeit, Fernbedienung,139,99 €,https://m.media-amazon.com/images/I/614as0tXO0L._AC_UL320_.jpg
FIXR Saugroboter mit Wischfunktion und Absaugstation, 3.5L Staubsauger Roboter, Roboterstaubsauger für Teppich und Tierhaare, App und Alexa, LiDAR Navigation, 180Min Laufzeit (Schwarz),199,99 €,https://m.media-amazon.com/images/I/61fzQr+xdJL._AC_UL320_.jpg
Akitas C10T 850W Beutelloser Staubsauger,Cat and Dog Tierhaare,Staubsaugerzylinder mit Deutschem Wessel Werk,28cm Breite Große Turbokopf-Spinnbürste,85,99 €,https://m.media-amazon.com/images/I/61XbzU23GAL._AC_UL320_.jpg
10x rs-products I Staubsaugerbeutel für AmazonBasics Bodenstaubsauger mit Beutel, 1,5L, Model No. VCB35B15C-1J7W-70, ASIN B07C3N686Y (10x DA 6),11,90 €,https://m.media-amazon.com/images/I/713qJ4UgulL._AC_UL320_.jpg
Amazon Basics Vakuumbeutel für Kleidung mit Luftdichtem Ventil und Handpumpe - 2 x X-Jumbo, 5 x Jumbo, 4 x Groß, 4 x Mittelgroß, 15er-Pack, 15 stück, 1er-Pack, Reißverschluss, Transparent,23,99 €,https://m.media-amazon.com/images/I/91MSg-pX9GL._AC_UL320_.jpg
Amazon Basics Halbkreisförmig Nackenkissen aus Memoryschaumstoff, Schwarz,12,58 €,https://m.media-amazon.com/images/I/71awpLVVHuL._AC_UL320_.jpg
Amazon Basics Auslaufsichere Glasbehälter mit Verschlussdeckel, 14-teiliges Set, 7 Behälter und 7 Kunststoffdeckel, transparent, blau, BPA-frei,23,99 €,https://m.media-amazon.com/images/I/81SYWl+N1qL._AC_UL320_.jpg
Amazon Basics Permanentmarker, Schwarz, 12er-Pack,8,01 €,https://m.media-amazon.com/images/I/711JO7MxRwL._AC_UL320_.jpg
Lehmann Typhoon beutelloser Staubsauger 4000 Watt | beutellos Zyklon Staubsauger mit Set von Aufsätzen | leistungsstarker Staubsauger mit Düsensatz | HEPA Filter, Turbobürste, Staubbehälter 2,5L,79,99 €,https://m.media-amazon.com/images/I/71j6NlPsJXL._AC_UL320_.jpg
Eureka Apollo Staubsauger Beutellos, leichter Zylinderstaubsauger mit Single Cyclone System, 800W Power Efficiency Motor, 2.2L Staubbehälter, für Teppiche und Hartböden, Grün,79,99 €,https://m.media-amazon.com/images/I/61x2P+vPyFL._AC_UL320_.jpg
SunSare Akku Staubsauger 550W/45000Pa/60Min, Staubsauger Kabellos mit Smart Display und Ladestation, Leichter Antiverwicklung Akkusauger, Super Leise akkustaubsauger für Hartböden Teppiche Tierhaare,139,97 €,https://m.media-amazon.com/images/I/81Hs7mdQHfL._AC_UL320_.jpg
BRITA Wasserfilter Flasche Model Vital hellgrün (600ml) inkl 2 MicroDisc Filter – Praktische Trinkflasche mit Wasserfilter für unterwegs, filtert Chlor & Bakterien beim Trinken/spülmaschinengeeignet,11,96 €,https://m.media-amazon.com/images/I/71xu0e6oz4L._AC_UL320_.jpg
Amazon Basics Alkali-Batterien vom Typ D (Monozellen), 1,5 V, 5 Jahre lagerfähig, 12 Stück,Null,https://m.media-amazon.com/images/I/71-rF3-IXQL._AC_UL320_.jpg
Amazon Basics Rechteckig Brotbackform, 2er-Pack, antihaftbeschichtet, Karbonstahl, Grau, 27x15x7 cm,11,99 €,https://m.media-amazon.com/images/I/81syrUvsd3L._AC_UL320_.jpg
Amazon Basics Mikrofaser - Reinigungstuch, 30 x 41 cm, 24 Stück, 40.5 cm x 30.5 cm, Mehrfarbig,17,76 €,https://m.media-amazon.com/images/I/91WjG1lqmLL._AC_UL320_.jpg
Amazon Basics 3D-Drucker-Filament aus PLA-Kunststoff, 1.75 mm, Schwarz, 1 Spool,14,99 €,https://m.media-amazon.com/images/I/81lPX2DUlBL._AC_UL320_.jpg
Amazon Basics AA-NiMH-Akkus, wiederaufladbar, 2000 mAh, bis zu 1000-mal aufladbar, vorgeladen, 4 Stück,6,64 €,https://m.media-amazon.com/images/I/61Iarkew5GL._AC_UL320_.jpg
Amazon Basics 6 Stück, Einhandzwinge, 2 Stück 10,16 cm, 4 Stück 15,24 cm, Schwarz Grau,20,30 €,https://m.media-amazon.com/images/I/81J8U-bgG4L._AC_UL320_.jpg
Amazon Basics Packwürfel Set für Koffer, Reise Organizer, Reißverschluss, 4 Teilig, Groß, Mittelgroß, Klein, Schmal, Schwarz,20,99 €,https://m.media-amazon.com/images/I/816pmOc6JQL._AC_UL320_.jpg
BONAI Akku Ladegerät LCD Universal Batterieladegerät Schnell Akkuladegerät USB Intelligent Battery Charger für AA/AAA/SC/C/D/9V NI-Mh/NI-CD Wiederaufladbare Batterien mit Entladungsfunktion,18,99 €,https://m.media-amazon.com/images/I/618lQE5L8kL._AC_UL320_.jpg
AmazonBasics G51-Staubsaugerbeutel mit Geruchskontrolle für Amazon Basics 1,5 l; AEG: Berry, Original, und Smart; Dirt Devil: EQU Silence, Fantasy, Popster, Galileo und weitere (Packung mit 4 Stück),11,96 €,https://m.media-amazon.com/images/I/615RoEgqO-S._AC_UL320_.jpg
Amazon Basics Notizbuch, klassisches Design, Größe, liniert, Schwarz,5,25 €,https://m.media-amazon.com/images/I/81+Zb-xFWpL._AC_UL320_.jpg
Amazon Basics 128 GB USB 3.1 Flash-Laufwerk, lesegeschwindigkeit von bis zu 130 Mbit/s, Schwarz,11,97 €,https://m.media-amazon.com/images/I/71RhxfozxvL._AC_UL320_.jpg
Amazon Basics Verstellbarer ergonomischer Laptopständer mit Wärmeabzug, stufenlose Höhen- und Winkelverstellung, ideal für einen Laptop bis 43,9 cm (17,3 Zoll), 27.9 x 23 x 5.6 cm, Silber,22,34 €,https://m.media-amazon.com/images/I/51yH+B2IopL._AC_UL320_.jpg
Amazon Basics – 6 Stück Handtuch-Set für Badezimmer, lichtbeständig, 100 % Baumwolle, weich und saugfähig, 2 Badetücher und 4 Händehandtuch, Schwarz,26,33 €,https://m.media-amazon.com/images/I/71ZYptZUhML._AC_UL320_.jpg
Amazon Basics Mehrzweck-Büroschere aus Edelstahl mit komfortablem Griff, PVD-beschichtet, 2 Stück, Grün Und Grau,6,69 €,https://m.media-amazon.com/images/I/51+yys+guCL._AC_UL320_.jpg
Amazon Basics Mehrzweck-Küchenschneider/-schaber, Edelstahl, 15 cm, Schwarz, Silberfarben,6,49 €,https://m.media-amazon.com/images/I/81nA+D6C2OL._AC_UL320_.jpg
Amazon Basics Dokumentenmappe A4, Fächermappe, Schwarz,9,59 €,https://m.media-amazon.com/images/I/61Bc-g1k1zL._AC_UL320_.jpg
Amazon Basics Rechteckig Backmatte, Silikon, 2 Stück, 41.91 L x 29.54 cm, Beige/Grau,12,67 €,https://m.media-amazon.com/images/I/81IC5+bWDgL._AC_UL320_.jpg
Amazon Basics Digitale Küchenwaage mit LCD-Anzeige (mit Batterien), Edelstahl, BPA-frei, Wiegt bis zu 11 Pfund, Schwarz,9,99 €,https://m.media-amazon.com/images/I/815FWesbK3L._AC_UL320_.jpg
Amazon Basics Robustes Universalmesser mit Aluminiumgehäuse, Rot,8,99 €,https://m.media-amazon.com/images/I/61EK10Pe0kL._AC_UL320_.jpg
Amazon Basics Neopren Hanteln Gewichte (2er-Sets, 1kg - 5kg Hanteln),22,09 €,https://m.media-amazon.com/images/I/81k-Imp+wzL._AC_UL320_.jpg
Amazon Basics 2-teiliges Deluxe-Mikrofaser-Bettwäsche-Set, Bettdeckenbezug 135 x 200 cm & 1 Kissenbezug 80 x 80 cm, Dunkelgrau, gestreift,13,40 €,https://m.media-amazon.com/images/I/715NGlBrruL._AC_UL320_.jpg
Amazon Basics Stretch-Schonbezug für Esszimmerstühle, 6 Stück, Schwarz, einfarbig,20,86 €,https://m.media-amazon.com/images/I/6161W1VMcWL._AC_UL320_.jpg
Amazon Basics Hosenbügel, einfaches Aufhängen, 10er-Pack, Verchromt,10,00 €,https://m.media-amazon.com/images/I/71G-sRw6juL._AC_UL320_.jpg
Amazon Basics Hängematte mit Gestell, Stoff, One Size, 117 cm x 300 cm x 100 cm, Mehrfarbig,88,25 €,https://m.media-amazon.com/images/I/717eHpTeb3L._AC_UL320_.jpg
Amazon Basics Hosen- und Rockbügel aus Metall, mit Clips, 20er-Pack, Chromfarben,16,19 €,https://m.media-amazon.com/images/I/61YPwIJWQvL._AC_UL320_.jpg
Amazon Basics Stereo-2.0-Lautsprecher für PC oder Laptop, 3,5-mm-AUX-Eingang, USB-Stromversorgung, 1 Paire, Schwarz,23,14 €,https://m.media-amazon.com/images/I/71DVfwSDN-L._AC_UL320_.jpg
Amazon Basics AAA-Alkali-Batterien, 1,5 V, 5 Jahre lagerfähig, 40 Stück,10,05 €,https://m.media-amazon.com/images/I/71VnvbcLrAL._AC_UL320_.jpg
Amazon Basics Anzug-Kleiderbügel, beflockt, mit Krawattenbügel, Hellgrau, 50er-Pack,14,80 €,https://m.media-amazon.com/images/I/81I1r5ZdpTL._AC_UL320_.jpg
Amazon Basics Klappbarer Wäscheständer, 14.5" D x 29.5" W x 41.8" H, Weiß,18,40 €,https://m.media-amazon.com/images/I/617YNcwVOyL._AC_UL320_.jpg
Amazon Basics Geschirrservice, 18-teilig, für 6 Personen, Weiß,42,90 €,https://m.media-amazon.com/images/I/61zDJSyz9FL._AC_UL320_.jpg
Amazon Basics Leichtes Stativ mit Tasche,127 cm, Champagner,12,99 €,https://m.media-amazon.com/images/I/61jIOTGqhLL._AC_UL320_.jpg
Amazon Basics Flaschentasche, 12 Fächer, 0.75 l Flaschen, Schwarz, Einfarbig,10,42 €,https://m.media-amazon.com/images/I/91kBRCyvNML._AC_UL320_.jpg
Amazon Basics Schubladen-Organizer/Ordnungssystem für Kleidung - Faltbar für Garderobe Schlafzimmer oder Küche, 6 Stück, Grau,12,74 €,https://m.media-amazon.com/images/I/91ShQ0Wd1jL._AC_UL320_.jpg
Amazon Basics Multifunktions-Küchenschere, aus Edelstahl, Schwarz,7,64 €,https://m.media-amazon.com/images/I/515fzGClckL._AC_UL320_.jpg
Amazon Basics Spannbettlaken, 200 x 200 x 30 cm, Mikrofaser, Spannbetttuch - Matratzenhöhe bis 30 cm, Dunkelgrau,10,18 €,https://m.media-amazon.com/images/I/71lbo2944dL._AC_UL320_.jpg
Amazon Basics Rechteckig Gaming-Mauspad, Standard, Schwarz,6,43 €,https://m.media-amazon.com/images/I/71o2ghrFt3L._AC_UL320_.jpg
Amazon Basics Achteckig Automatikschirm für Reisen, Schwarz, klein,13,40 €,https://m.media-amazon.com/images/I/51nVWkm6esL._AC_UL320_.jpg
WALTER Industriestaubsauger 3-in-1 mit Wasserfilter, 1600 W, 230 V, Nass- & Trockensauger, mit Steckdose für Synchronbetrieb, Starke Saugleistung bis zu 18 KPa, inkl. umfangreichen Zubehör-Set,199,90 €,https://m.media-amazon.com/images/I/61I4g95xLPL._AC_UL320_.jpg
HFTEK 5-Fach-Monitorarm - Tischhalterung für 5 Bildschirme von 15 – 27 Zoll mit VESA 75/100 (MP235C-N),377,00 €,https://m.media-amazon.com/images/I/61+MwwZL0xL._AC_UL320_.jpg
3,7 Volt Wiederaufladbarer Akku，3200mAh NiMH Batterie Hohe Kapazität Batterien für LED Stirnlampe,Fernbedienung,Ferngesteuertes Auto SH,14,99 €,https://m.media-amazon.com/images/I/51w3jiyHsqL._AC_UL320_.jpg
LEHMANN LHOCV-7018 Zyklon Staubsauger beutellos | Bodenstaubsauger mit Zyklontechnologie | Zylinder-Staubsauger mit Düsensatz | Hochleistungskraft 4000 Watt, HEPA-Filter, 1,8 L,69,99 €,https://m.media-amazon.com/images/I/71NXZ3ZSkbL._AC_UL320_.jpg
Amazon Basics Aufbewahrungseinheit mit 5 Regalböden, höhenverstellbaren Einlegeböden und Nivellierfüßen, Maximalgewicht 680 kg, Chrom, 36 D x 91 W x 183 H cm,84,53 €,https://m.media-amazon.com/images/I/713waWOYXYL._AC_UL320_.jpg
Amazon Basics Hartschalen - Koffer - 55 cm Handgepäckkoffer, Schwarz,58,31 €,https://m.media-amazon.com/images/I/71s7HbyqzEL._AC_UL320_.jpg
Amazon Basics Messer-Set, bunt, 12-teilig,14,53 €,https://m.media-amazon.com/images/I/71iB-QmRWEL._AC_UL320_.jpg
Amazon Basics Safe, klein, schlank, für Schreibtischschublade, mit programmierbarem Elektronisches Kombinationsschloss, schwarz, 30 cm B x 21.8 cm T x 11.2 cm H,44,99 €,https://m.media-amazon.com/images/I/91LCVRQXgML._AC_UL320_.jpg
Amazon Basics kompakte Laptoptasche, Umhängetasche/Tragetasche mit Taschen zur Aufbewahrung von Zubehör, für Laptops bis zu 15,6 Zoll (39,6 cm), Schwarz, 1 Stück,14,50 €,https://m.media-amazon.com/images/I/71wWjW7zTLL._AC_UL320_.jpg
Amazon Basics 23A-12V-Batterien, langanhaltende Leistung, 4 Stück,3,99 €,https://m.media-amazon.com/images/I/71u1U0SA7NL._AC_UL320_.jpg
yonsly® Koffer Suitcase M Roségold, Trolley Reisekoffer, Rollkoffer Handgepäck mit 4 Rollen 360°, ABS Hartschalen, Sicherheitsschloss, Weicher Gummigriff, 210D-Futter,33,99 €,https://m.media-amazon.com/images/I/71ErIx+q7AL._AC_UL320_.jpg
Lithium Batterien ER14250 1/2AA, 3,6V 1200mAH LS14250 ER3S Nicht Wiederaufladbar,für Sensor,Einbruchmelder,10 Stück,PKCELL,18,59 €,https://m.media-amazon.com/images/I/714OyDR9R8L._AC_UL320_.jpg
Akitas 800W Beutelloser Staubsauger mit starker Saugkraft und deutschem Wessel-Werk 2-in-1-Bürstenkopf für Hartböden und Teppiche,57,96 €,https://m.media-amazon.com/images/I/61-oCp4GsFL._AC_UL320_.jpg
Tisoutec Beutelloser Staubsauger ohne Beutel,1600W Staubsauger|70dB|Bodenstaubsauger|HEPA Filter Bodendüse für Parkett,Teppich,Fliesen,leistungsstarker Staubsauger mit 5m Kabel=13m Aktionsradius 2,2L,99,99 €,https://m.media-amazon.com/images/I/71Ub+PO-GzL._AC_UL320_.jpg
Amazon Basics Belüfteter, verstellbarer, ergonomischer Laptopständer, passend für ein Notebook bis 43,9 cm (17,3 Zoll), 33 x 28.7 x 18.5 cm, Schwarz,16,09 €,https://m.media-amazon.com/images/I/81EK-Nq9nEL._AC_UL320_.jpg
Amazon Basics Schlüsselkasten für 24 Schlüssel, abschließbarer Kasten, Rechteckig, 6.1 x 21.6 x 31.8 cm, Silber,15,20 €,https://m.media-amazon.com/images/I/61Nt-y8ICuL._AC_UL320_.jpg
20 Staubsaugerbeutel kompatibel mit AmazonBasics Staubsauger 3l komp., Amazon Basics W11, Swirl Y101, Menalux 4000, VCB43B1-70EU4,13,79 €,https://m.media-amazon.com/images/I/71kkMxXvBoL._AC_UL320_.jpg
Amazon Basics Kabellose Computer-Maus mit USB-Nano-Empfänger, Schwarz,8,69 €,https://m.media-amazon.com/images/I/61YQeAUIboL._AC_UL320_.jpg
LEVEL8 Koffer Trolley, Rollkoffer Reisekoffer Hartschalen 4 Rollen, Spinner Handgepäck,TSA, 100% PC,Micro-Diamond Textured Design Koffer Trolley Groß(74cm, 99L,Schwarz),264,99 €,https://m.media-amazon.com/images/I/713ZTm3b7PL._AC_UL320_.jpg
Akitas Akku Staubsauger Kabellos 3in1 Hand und Vertikal Leicht 22,2 V 150 W Wiederaufladbarer Lithium-Akku für Böden, Teppiche, Tierhaare. (AKU10),76,49 €,https://m.media-amazon.com/images/I/61Su1M-SYbL._AC_UL320_.jpg
MASKO® Werkzeugkoffer 1299-teilig gefüllt | Werkzeugset im Aluminiumkoffer | Werkzeugkasten mit Rollen | Werkzeugkiste Haushalt, Haus, Hobby, KFZ | Trolley-Funktion | Profi Werkzeugwagen Handwerkzeug,99,80 €,https://m.media-amazon.com/images/I/81RfdtQqrIL._AC_UL320_.jpg
MASKO® Industriestaubsauger 1800Watt Mit Steckdose Blasfunktion | Mehrzwecksauger Trocken-Saugen & Nass-Saugen | Industrie-Sauger mit & ohne Beutel | Wasser-Staubsauger beutellos,69,80 €,https://m.media-amazon.com/images/I/81azLpzBWtL._AC_UL320_.jpg
Amazon Basics Essbesteck-Set mit Abgerundeter Rand, Edelstahl, 20-teiliges Set, für 4 Personen, Silber,21,63 €,https://m.media-amazon.com/images/I/71eyTor27RL._AC_UL320_.jpg
Amazon Basics Laptop-Rucksack mit gepolsterten Schulterriemen und Aufbewahrungsfächern für Stifte, Schlüssel, Handy, geeignet für die meisten Laptops bis zu,17-Zoll, Schwarz,37,16 €,https://m.media-amazon.com/images/I/81vfzNUAXEL._AC_UL320_.jpg
Amazon Basics 5-teiliges Kochgeschirr-Set mit Antihaftbeshichtung - induktionsgeeignet, mit Deckeln, Schwarz,51,46 €,https://m.media-amazon.com/images/I/61A09jNP4kL._AC_UL320_.jpg
Amazon Basics Ratschenschlüssel magnetisch und PräzisionsSchraubendreher für Elektronik, 73 stück, 1er-Pack, Schwarz/Silber/Rot,14,57 €,https://m.media-amazon.com/images/I/818g6IinzBL._AC_UL320_.jpg
Amazon Basics - Campingstuhl mit Kühlfach,29,69 €,https://m.media-amazon.com/images/I/61CjlKt+IWL._AC_UL320_.jpg
Amazon Basics 1 Schubladenbox zur Aufbewahrung von Nespresso Originalline Kaffeekapseln, Kunststoff, Fassungsvermögen: 50 Kapseln, Belastbarkeit 4,5 kg, Schwarz,22,09 €,https://m.media-amazon.com/images/I/81wa+88fGWL._AC_UL320_.jpg
Amazon Basics Alkali-Batterien vom Typ C (Babyzellen), 1,5 V, 5 Jahre lagerfähig, 8 Stück,10,04 €,https://m.media-amazon.com/images/I/71M43rnpb5L._AC_UL320_.jpg
Amazon Basics Leichter Hartschalen-Trolley mit Schwenkrollen - 55cm Kompakter Handgepäck Koffer, für Ryanair und die Meisten Anderen Billigfluglinien genehmigt, Schwarz,53,97 €,https://m.media-amazon.com/images/I/81m7hD4I3aL._AC_UL320_.jpg
Amazon Basics Messerschärfstein-Set, 3 stück, doppelseitig, Körnung 400/1000 und 3000/8000, Abflachungsstein mit rutschfester Bambusunterseite, mehrfarbig, 22.5 x 15.2 x 7.3 cm,27,75 €,https://m.media-amazon.com/images/I/81tg-RnoANL._AC_UL320_.jpg
Amazon Basics 2 Stück, Hundefutter- und Wasserspender, Futter- und Wasserspender für Haustiere, Größe S, Klar, Grau,23,99 €,https://m.media-amazon.com/images/I/81teYZ11DYL._AC_UL320_.jpg
Amazon Basics USB-C-auf-USB-A 2.0 Schnellladekabel, 480 Mbit/s Geschwindigkeit, USB-IF-zertifiziert, für Apple iPhone 16/15, iPad, Samsung Galaxy, Tablets, Laptops, 0.9 m, Schwarz,5,59 €,https://m.media-amazon.com/images/I/5185vXvJMAL._AC_UL320_.jpg
Amazon Basics Extra Große Reisetasche (98L), Sport- und Ausrüstungstasche mit Mehreren Reißverschlusstaschen, Leichtes und Langlebiges Nylon-Material, 23kg Gewichtskapazität, Marineblau, 82x43 x43 cm,16,99 €,https://m.media-amazon.com/images/I/71SjdG7RWeL._AC_UL320_.jpg
Amazon Basics Elektrischer Wasserkocher aus Glas, 1,7 l, 2200 W, Schwarz, Silber,29,35 €,https://m.media-amazon.com/images/I/61NOiqr+IsL._AC_UL320_.jpg
Amazon Basics Tragbare Digitale Kofferwaage mit Haken, Tara-Funktion und Einheitenumrechnung – Präzise Gewichtsmessung bis 50 kg, Praktisch für Reisen,Einheitsgröße, Schwarz,8,99 €,https://m.media-amazon.com/images/I/713Tfe7fTkL._AC_UL320_.jpg
Amazon Basics Schlagschrauber-Bit-Set, Kreuzschlitz, Schlitz und Torx, 42 Stück, 15 cm x 9.5 cm x 4.1 cm,14,99 €,https://m.media-amazon.com/images/I/81leza6EFYL._AC_UL320_.jpg
Amazon Basics Vakuumierer, 30 cm Naht + 10 Vakuumierbeutel, Schwarz,35,52 €,https://m.media-amazon.com/images/I/71sbA+myzaL._AC_UL320_.jpg
Amazon Basics Rund, Kosmetikspiegel zur Wandmontage, Vergrößerung 1-fach/5-fach, 32.5 L x 25.4 B cm, Verchromt,21,50 €,https://m.media-amazon.com/images/I/61dbaKNt+kL._AC_UL320_.jpg
Amazon Basics Schraubendreher-Set, 58 Stück, Präzisions-Schlitze, Kreuzschlitz, Torx, Schwarz,22,81 €,https://m.media-amazon.com/images/I/9122y8CpMnL._AC_UL320_.jpg
Amazon Basics Rechteckig, 2 Stück, Fotorahmen mit Matte - 13 x 18 cm, mattiert zu 10 x 15 cm, Schwarz,12,45 €,https://m.media-amazon.com/images/I/71QTQRraLkL._AC_UL320_.jpg
Amazon Basics A8 Karteikarten (7,4 cm x 5,2 cm), liniert, Weiß, 1000 Stück,8,48 €,https://m.media-amazon.com/images/I/71c3HTaUMiL._AC_UL320_.jpg
Amazon Basics Klebesticks, Farbe: Violett, auswaschbar, nach dem Trocknen farblos, 6 ml, 4 stück, 1er-Pack,2,73 €,https://m.media-amazon.com/images/I/41+tIP7wDpL._AC_UL320_.jpg
AmazonBasics High-Speed HDMI Cable to HDMI Cable - 3 Feet 3-Pack,7,17 €,https://m.media-amazon.com/images/I/915Fpr8RfCL._AC_UL320_.jpg
Amazon Basics USB-C-auf-USB-A 2.0 Schnellladekabel, 480 Mbit/s Geschwindigkeit, USB-IF-zertifiziert, für Apple iPhone 16/15, iPad, Samsung Galaxy, Tablets, Laptops, 0.9 m, Schwarz,4,60 €,https://m.media-amazon.com/images/I/51DlaX4-ycL._AC_UL320_.jpg
Amazon Basics Servierwagen aus Metall, 3 Ebenen, Schwarz,29,99 €,https://m.media-amazon.com/images/I/71iHFucBK2L._AC_UL320_.jpg
Amazon Basics Netzkabel - 3 m , Schwarz,9,45 €,https://m.media-amazon.com/images/I/71AOvd+m8PL._AC_UL320_.jpg
Amazon Basics Rechteckig Verstellbarer Computer-Monitorständer für weniger Nackenbelastung, geeignet für Monitore und Laptops mit einem Gewicht von bis zu 22 Pfund, Schwarz,16,60 €,https://m.media-amazon.com/images/I/51e81e4tJ1L._AC_UL320_.jpg
Amazon Basics Ausziehbarer Fensterabzieher mit 180 Grad drehbarem Kopf und Teleskopstange, 66–96,5 cm, perfekt zum Reinigen von Fenstern, Spiegeln, Grün, Silber, Schwarz Fliesen,15,99 €,https://m.media-amazon.com/images/I/61EU2NB8R8L._AC_UL320_.jpg
20 Staubsaugerbeutel geeignet für AmazonBasics Staubsauger, kompatibel mit Amazon Basics G51, Swirl Y05, Menalux 1840, 15C-71EU4, VCB43B1-70EU4, VCB35B15CEU4, VCB46A15F von Staubbeutel-Profi®,17,79 €,https://m.media-amazon.com/images/I/519VMbG8MKL._AC_UL320_.jpg
Amazon Basics Esslöffel aus Edelstahl, spülmaschinenfest, mit rundem Rand, große Esslöffel, 20,1 cm, 12er-Pack, Silber,11,92 €,https://m.media-amazon.com/images/I/61Y-85Ei4-L._AC_UL320_.jpg
Amazon Basics Aktenvernichter, Streifenschnitt, CD-Schredder, 7-8 Blätter, Schwarz,32,50 €,https://m.media-amazon.com/images/I/71nU5j6fH-L._AC_UL320_.jpg
Amazon Basics Organizer für die Tür mit 24 Fächern, Jadegrün, 47 x 6.3 x 165 cm,7,89 €,https://m.media-amazon.com/images/I/51O1OkPKY5L._AC_UL320_.jpg
Amazon Basics Spannbettlaken, 80 x 200 cm, 100% Baumwolle, Jersey Spannbetttuch, Matratzenhöhe bis 30 cm, Weiß,10,69 €,https://m.media-amazon.com/images/I/71GPdZhISKL._AC_UL320_.jpg
Amazon Basics Auxiliary Kabel, Stereo-Audiokabel, 3,5 mm-Klinkenstecker auf 3,5 mm-Klinkenstecker, 1.2 m, 2-er Pack, Schwarz,6,83 €,https://m.media-amazon.com/images/I/61X-1iMSkKL._AC_UL320_.jpg
Amazon Basics Wok-Pfanne, 28 cm, Schwarz,34,99 €,https://m.media-amazon.com/images/I/71C9YHU5pLL._AC_UL320_.jpg
Amazon Basics Schnellladekabel, USB-C auf USB-A-2.0, mit Nylongeflecht umwickelt, 480 MBit/s, USB-IF-zertifiziert, für Apple iPhone 16/15, iPad, Samsung Galaxy, Tablets, Laptops, 1.8 m, dunkelgrau,5,13 €,https://m.media-amazon.com/images/I/614bGi1sfWL._AC_UL320_.jpg
Amazon Basics Abdeckung für Sonnenschirm, Beige/Hellbraun, 17.8 x 58.4 x 193 cm,15,29 €,https://m.media-amazon.com/images/I/71ReZ5wLxUL._AC_UL320_.jpg
Amazon Basics Fallschirmleine 550 Typ III, 7-strängiger Kern, hohe Festigkeit - 4 mm x 30 m (5/32 Zoll x 100 Fuß), Schwarz,7,88 €,https://m.media-amazon.com/images/I/81VFRkYBPnL._AC_UL320_.jpg
Amazon Basics Heftgerät mit 1000 Heftklammern - Schwarz, 1-pro Packung,8,25 €,https://m.media-amazon.com/images/I/71NONVWvgmL._AC_UL320_.jpg
MEKO 2er Pack Filter NUR für Handbrause mit ASIN B0BJPBQFVS und B0CN6J3YC4 von MEKO, 15 Schichten Ersatzfilter für hartes Wasser Reinigen und Entfernen von Chlor und schädliche Substanzen,21,99 €,https://m.media-amazon.com/images/I/71IIhOlX9XL._AC_UL320_.jpg
sleepling Basic 100 Kopfkissen, 40 x 80 cm, Ökotex, waschbar bis 60 Grad, Made in EU, Füllmengengarantie, Größengarantie, weiß,10,95 €,https://m.media-amazon.com/images/I/5175zK5dOSL._AC_UL320_.jpg
Tesmotor 2-Wege T Verteiler für Wasserhähne, 2er Verteiler 3/4" Adapter mit Kugelhahn zum Einstellen und Absperren des Wasserflusses,21,05 €,https://m.media-amazon.com/images/I/61qlS9wCuTL._AC_UL320_.jpg
USB4 Kabel, mit Thunderbolt 4 Kabel, 240W Ladekabel, 40Gbps Datenkabel, 8K@60Hz HDR, USB C auf USB C Kabel, 90 Grad für Hub, Dock MacBook, M2, M3, Mac SSD (90 Grad USB4 40G 240W 0,5M),13,99 €,https://m.media-amazon.com/images/I/7129aJm42DL._AC_UL320_.jpg
Amazon Basics Abdeckung für Holzkohle-Kugelgrill, Schwarz,17,76 €,https://m.media-amazon.com/images/I/813aHNrK+0L._AC_UL320_.jpg
Amazon Basics Klarsichtfolien für Ringbuchordner mit 3 Ringen, ca. 21,5 x 28 cm, Briefgröße, PP, 200 Stück, Weiß,12,55 €,https://m.media-amazon.com/images/I/611tYfGetJL._AC_UL320_.jpg
Amazon Basics Kissenschoner, hypoallergen, aus Baumwolle, 50 x 80 cm, 2 Stück, Weiß,9,33 €,https://m.media-amazon.com/images/I/71WHZGpvbbL._AC_UL320_.jpg
Amazon Basics Mehrfarbige, wiederverwendbare Einkaufstasche aus Baumwolle, Größe M, für Unisex-Erwachsene, Altersunabhängig,8,06 €,https://m.media-amazon.com/images/I/61nZIyLyPGL._AC_UL320_.jpg
Amazon Basics Verstellbarer Mikrofonarmständer mit Popfilter und Schaumstoff-Windschutz, Tischklemme, 360° Rotation, kompatibel mit Blue Yeti, Snowball, HyperX, 48.2 cm (19 Zoll), Schwarz,23,67 €,https://m.media-amazon.com/images/I/61CWY0BHDcL._AC_UL320_.jpg
AmazonBasics 8-Inch Tablet Sleeve, 5-Pack,19,45 €,https://m.media-amazon.com/images/I/91nn2DTsLUL._AC_UL320_.jpg
WHITIN Laufschuhe Herren Damen Turnschuhe Sportschuhe Mit 9 Farben 36-47,36,52 €,https://m.media-amazon.com/images/I/71AYolUYmQL._AC_UL320_.jpg
Lifewit 3 Stück 90L Aufbewahrungstasche, Aufbewahrungsbox mit Deckel, Groß Kleideraufbewahrung Umzugskartons, Faltbare Aufbewahrung Boxen für Bettdecken Decken Kleidung Unterbett Kleiderschrank, Grau,17,99 €,https://m.media-amazon.com/images/I/81OKwRpbc4L._AC_UL320_.jpg
SONGMICS Bürostuhl, ergonomischer Schreibtischstuhl, Drehstuhl, gepolsterter Sitz, höhenverstellbar und neigbar, bis 120 kg belastbar, schwarz OBN034B01,68,39 €,https://m.media-amazon.com/images/I/61kKtA4ttWL._AC_UL320_.jpg
Wolkenfeld Bettwäsche 135x200 Bettwäsche Set grau anthrazit - Oeko-Tex Zertifiziert - 1x Bettbezug 135 x 200 + 1x Kissenbezug 80x80,24,99 €,https://m.media-amazon.com/images/I/81q1LKsOJYL._AC_UL320_.jpg
10 Staubsaugerbeutel geeignet für AmazonBasics Bodenstaubsauger mit Beutel, Amazon Basics G51, Swirl Y05, Menalux 1840, 15C-71EU4, VCB43B1-70EU4, VCB35B15CEU4 von Staubbeutel-Profi®,12,79 €,https://m.media-amazon.com/images/I/41HanUFQFmL._AC_UL320_.jpg
20x rs-products I Staubsaugerbeutel für AmazonBasics Bodenstaubsauger mit Beutel, 1,5L, Model No. VCB35B15C-1J7W-70, ASIN B07C3N686Y (20x DA 6),13,90 €,https://m.media-amazon.com/images/I/713qJ4UgulL._AC_UL320_.jpg
Amazon Basics Ethernet-Patchkabel, RJ45, Cat6, 24er-Pack, 3 m, Schwarz,65,49 €,https://m.media-amazon.com/images/I/613Xk0Mx+vL._AC_UL320_.jpg
Amazon Basics - Schaumstoff-Fitnessrolle, hochdicht,33,39 €,https://m.media-amazon.com/images/I/719fCtAm+hL._AC_UL320_.jpg
perfect line - 18 Dokumentenhüllen A4 mit Klappe - seitlich offen - glasklar, extra stark - aus recyclebarem Kunststoff, dokumentenecht, säurefrei,10,99 €,https://m.media-amazon.com/images/I/61QsaHleFcL._AC_UL320_.jpg
MSS e.K. Schaumstoffplatte Polster Auflage Topper - 200 x 90 x 2 cm - RG27/45,17,50 €,https://m.media-amazon.com/images/I/71wR5Tyk34S._AC_UL320_.jpg
Akitas 800W Leistungsstarker beutelloser Zylinderstaubsaugerstaubsauger,Düsenkopf Hartbodenteppich Turbo PetHair Tool,65,99 €,https://m.media-amazon.com/images/I/61SzHvPS--L._AC_UL320_.jpg
CookingTotem® Luxus Topfset Induktion - Stapelbares Kochgeschirr-Set, Keramik-Antihaftbeschichtung, Abnehmbarer Griff, Ofenfest, Kochtopf Set, Töpfe & Pfannen Set, PFAS-frei, Topfset beschichtet,189,95 €,https://m.media-amazon.com/images/I/51QVLYKtbkL._AC_UL320_.jpg
Amazon Basics Tresor, 14 l, Schwarz & Haussafe, 50 l,162,63 €,https://m.media-amazon.com/images/I/51TIZqtgd+L._AC_UL320_.jpg
Amazon Basics Vorgeladene Ni-MH AA-Akkus - Akkubatterien, 500Zyklen (typisch 2500mAh, minimal 2400mAh), 8Stck + Batterieladegerät für Ni-MH AA / AAA Akkus und USB Geräte,28,11 €,https://m.media-amazon.com/images/I/5108-I3Th-S._AC_UL320_.jpg
Amazon Basics Plissee-Rollo ohne Zugkette, ohne Bohren, 90 x 130 cm, Cremefarben,29,78 €,https://m.media-amazon.com/images/I/818trDyLhZL._AC_UL320_.jpg
Amazon Basics - Hochsicherheits-Kreuzschnitt-Aktenvernichter für 7-8 Blätter, für Papier und Kreditkarten & Heftgerät mit 1.000 Heftklammern, Schwarz,37,63 €,https://m.media-amazon.com/images/I/51W4HFvIMsS._AC_UL320_.jpg
Amazon Basics 3D-Drucker-Filament aus TPU-Kunststoff, 1.75 mm, 1 kg pro Spule, 5 Stück, Mehrfarbig,137,45 €,https://m.media-amazon.com/images/I/91TmUwoIlAL._AC_UL320_.jpg
Amazon Basics - Hochwertiger Hartschalen-Trolley „Vienna“, mit Schwenkrollen, 68 cm, Schwarz,140,94 €,https://m.media-amazon.com/images/I/81NWjyJiPlL._AC_UL320_.jpg
Amazon Basics - Verdunkelungsrollo mit farbiger Beschichtung, 76 x 150 cm, Weiß,18,57 €,https://m.media-amazon.com/images/I/61IQWYUrmLL._AC_UL320_.jpg
Amazon Basics Memoryschaum Matratzenauflage mit Bändern,120 x 200 cm, 5 cm Höhe, weiß,99,99 €,https://m.media-amazon.com/images/I/816wN06HxKL._AC_UL320_.jpg
McFilter | 10 Staubsaugerbeutel geeignet für Amazon Basics 15C-71EU4 und VCB35B15CEU4 | 1,5L Beutel | 5-lagig inkl. 2 Mikrofilter und 2 Motorfilter | Alternative für Original AmazonBasics G51,11,89 €,https://m.media-amazon.com/images/I/61fE999tb5L._AC_UL320_.jpg
Amazon Basics Premium Garment Bag,70,96 €,https://m.media-amazon.com/images/I/91XKXT8vNKL._AC_UL320_.jpg
Amazon Basics- kompakte Laptoptasche, Umhängetasche/Tragetasche mit Taschen zur Aufbewahrung von Zubehör, Schwarz, 1 Stück & Kabellose Computer-Maus mit USB-Nano-Empfänger, Schwarz,23,19 €,https://m.media-amazon.com/images/I/91i8aaaNcqL._AC_UL320_.jpg
Amazon Basics Spannbetttuch, Baumwoll, Satin Fadenzahl 400, knitterarm, 140 x 200 x 30 cm - weiß,Null,https://m.media-amazon.com/images/I/51wWGRsN3FL._AC_UL320_.jpg
Amazon Basics - Sporttasche,Null,https://m.media-amazon.com/images/I/A1xBPzNE34L._AC_UL320_.jpg
Amazon Basics AmazonBasics Microfibre Duvet Set, Navy Blue, 135cm x 200cm / 50cm x 80cm and Pillowcase, Navy Blue, Set of Two,20,30 €,https://m.media-amazon.com/images/I/31TTNZLy3aL._AC_UL320_.jpg
Amazon Basics – Wetterfeste Auto-Abdeckung, silberfarben, 150-D-Oxford, Limousinen bis 460 cm,53,00 €,https://m.media-amazon.com/images/I/61tuX51tmPL._AC_UL320_.jpg
AmazonBasics Garment Bag, 40-Inch,Null,https://m.media-amazon.com/images/I/8132FT+2jFL._AC_UL320_.jpg
10 Filterpapier Staubsaugerbeutel kompatibel mit AmazonBasics Staubsauger 3l komp., Amazon Basics W11, Swirl Y101, Menalux 4000, VCB43B1-70EU4,8,99 €,https://m.media-amazon.com/images/I/71O3MObp7IL._AC_UL320_.jpg
Amazon Basics Abdeckung für freistehenden Terrassenheizstrahler, Beige,36,29 €,https://m.media-amazon.com/images/I/51nhCM56vHL._AC_UL320_.jpg
AmazonBasics Sheet Protector - Heavy Duty, Non-Glare, 100-Pack,20,86 €,https://m.media-amazon.com/images/I/71L8pYRrZcL._AC_UL320_.jpg
Amazon Basics Handgepäck Reiserucksack, mit Tragegriff und Schultergurt, 25+10L, 1,7kg Eigengewicht, Schwarz & Dokumentenmappe A4, Fächermappe - Schwarz,64,85 €,https://m.media-amazon.com/images/I/51Me8ZSvPpL._AC_UL320_.jpg
AmazonBasics Nylon Braided Lightning to USB A Cable - MFi Certified iPhone Charger, Rose Gold, 3-Foot (5-Pack),42,14 €,https://m.media-amazon.com/images/I/61JcaNk1x9L._AC_UL320_.jpg
AmazonCommercial 2000 Count Manual Ranging Digital Multimeter,Null,https://m.media-amazon.com/images/I/81D8y9r4jHL._AC_UL320_.jpg
Amazon Basics AmazonBasics Microfibre Duvet Set, Navy Blue, 135cm x 200cm / 50cm x 80cm and Microfiber Fitted Single Sheet - Single Size (90 x 190 x 30cm), Bright White,22,66 €,https://m.media-amazon.com/images/I/317kw4azMyL._AC_UL320_.jpg
Staubsaugerbeutel ähnlich AMAZONBASICS W11, 20 Staubbeutel + 2 Mikro-Filter,23,80 €,https://m.media-amazon.com/images/I/61xwHqqXPLL._AC_UL320_.jpg
rs-products 20x I Staubsaugerbeutel für AmazonBasics Bodenstaubsauger mit Beutel, 1,5L, Model No. VCB35B15C-1J7W-70, ASIN B07C3N686Y (DA6),13,90 €,https://m.media-amazon.com/images/I/713qJ4UgulL._AC_UL320_.jpg
rs-products 20x Staubsaugerbeutel aus Mikrovlies, kompatibel mit FAKIR, DIRT DEVIL, SWIRL, AmazonBasics, NILFISK, ALDI, LIDL,13,90 €,https://m.media-amazon.com/images/I/713qJ4UgulL._AC_UL320_.jpg
Vileda Turbo Wischmopp Komplett Set , Bodenwischer mit Teleskopstiel, Mikrofaser Moppkopf mit Kraftfasern und Eimer mit Powerschleuder, für alle Böden, schnell und reinigungsstark, Stiellänge 75-130cm,33,99 €,https://m.media-amazon.com/images/I/81N3YSOjqwL._AC_UL320_.jpg
vhbw Staubsaugerfilter kompatibel mit AmazonBasics VCS35B15KC-70, BO71VNCN2F, B071VNCNLF Staubsauger - Abluftfilter Schwarz Weiß,7,99 €,https://m.media-amazon.com/images/I/81lxtVP1AbL._AC_UL320_.jpg
Staubsaugerbeutel ähnlich AMAZONBASICS W31, 20 Staubbeutel + 2 Mikro-Filter,23,80 €,https://m.media-amazon.com/images/I/61jGe4aUHQL._AC_UL320_.jpg
SAFE 'N CLEAN Vakuumfilter-Set für AmazonBasics VCS35B15KC -70,B071VNCNLF, 2x Wiederverwendbarer Kunststofffilter,14,79 €,https://m.media-amazon.com/images/I/81UCwVRNZjL._AC_UL320_.jpg
ZOLLNER 10er Set Geschirrtücher Baumwolle in 46x70 cm - super saugstarke und robuste Küchentücher – waschbar bis 60°C – in schwarz kariert - Gastronomiequalität - Oeko Tex® Zertifiziert,22,99 €,https://m.media-amazon.com/images/I/91w3vgygu6L._AC_UL320_.jpg
Tipp-Ex Mini Pocket Mouse Korrekturroller, Blister à 2 Roller, Korrekturband 6m x 5mm, Ideal für das Home Office, die Schule & AmazonBasics - Holzgefasste Bleistifte, HB, vorgespitzt, 30er-Pack,19,42 €,https://m.media-amazon.com/images/I/51xwx0c6hfL._AC_UL320_.jpg
Duracell Plus Batterien AA, 12 Stück, langlebige Power, AA Batterie für Haushalt und Büro,12,90 €,https://m.media-amazon.com/images/I/71ltjWdw4nL._AC_UL320_.jpg
10 Premium Staubsaugerbeutel geeignet für Miele Serie/Reihe Compact und Complete | kompatibel mit Amazon Basics M21 - M 21 | inkl. Filter | 10 Stück | Mikrovlies,13,95 €,https://m.media-amazon.com/images/I/61llYcbAnQL._AC_UL320_.jpg
LiCB 10 Stück CR2032 3V Lithium Knopfzellen CR 2032 Batterien,5,99 €,https://m.media-amazon.com/images/I/81Pd4ogDITL._AC_UL320_.jpg
vhbw 3x Staubsaugerfilter kompatibel mit AmazonBasics VCS35B15KC-70, BO71VNCN2F, B071VNCNLF Staubsauger - HEPA Filter,14,39 €,https://m.media-amazon.com/images/I/81wMooamN5L._AC_UL320_.jpg
VARTA Batterien AA, 100 Stück, Power on Demand, Alkaline, 1,5V, Vorratspack in umweltschonender Verpackung, ideal für Computerzubehör, Smart Home Geräte,39,99 €,https://m.media-amazon.com/images/I/81L7p75pbQL._AC_UL320_.jpg
vhbw Filter-Set kompatibel mit AmazonBasics B071VNCNLF, BO71VNCN2F, VCS35B15KC-70 Staubsauger - 2x Filter (Abluft-Filter, HEPA-Filter),12,49 €,https://m.media-amazon.com/images/I/71Thia491zL._AC_UL320_.jpg
j5create USB-C 4K Speakerphone Dock, All-in-one Audio Dock für Videokonferenzen/4K HDMI/USB-A x 2/USB-C/Gigabit ethernet/Pass-Through Charging - Funktioniert mit Teams/Zoom und Google Meet (JCDS335),149,99 €,https://m.media-amazon.com/images/I/61qT3LHxi+L._AC_UL320_.jpg
ZINZ Schlanke und erweiterbare Tasche 12,9 13" Reise-Laptop-Schultertasche für MacBook Air/Pro 13" M3/M2/M1, iPad Air/Pro 13",35,18 €,https://m.media-amazon.com/images/I/71mDDIkBCFL._AC_UL320_.jpg
Green Bean Sitzsack Sofa mit Füllmaterial - Lounge im Sitzsack-Design 90x50cm mit ergonomischer Rückenlehne & waschbarem Bezug - Indoor und Outdoor geeignet in Khaki,64,99 €,https://m.media-amazon.com/images/I/81eJKHebwzL._AC_UL320_.jpg
Pallus 1,5V AA Wiederaufladbarer Lithium Akku, 3500 mWh Wiederaufladbarer AA Lithium Akku, 1600 Zyklen und Schnellladung, 8 Stück,37,99 €,https://m.media-amazon.com/images/I/71g7nll5M2L._AC_UL320_.jpg
AmazonBasics Sheet Protector - Heavy Duty, Non-Glare, 100-Pack,20,86 €,https://m.media-amazon.com/images/I/71L8pYRrZcL._AC_UL320_.jpg
Amazon Basics AmazonBasics Microfibre Duvet Set, Navy Blue, 135cm x 200cm / 50cm x 80cm and Microfiber Fitted Single Sheet - Single Size (90 x 190 x 30cm), Bright White,22,66 €,https://m.media-amazon.com/images/I/317kw4azMyL._AC_UL320_.jpg
30 Staubsaugerbeutel geeignet für AmazonBasics Bodenstaubsauger mit Beutel, Amazon Basics G51, Swirl Y05, Menalux 1840, 15C-71EU4, VCB43B1-70EU4, VCB35B15CEU4 von Staubbeutel-Profi®,22,79 €,https://m.media-amazon.com/images/I/51dSaLhYWnL._AC_UL320_.jpg
AmazonBasics Nylon Braided Lightning to USB A Cable - MFi Certified iPhone Charger, Rose Gold, 3-Foot (5-Pack),42,14 €,https://m.media-amazon.com/images/I/61JcaNk1x9L._AC_UL320_.jpg
10 Staubsaugerbeutel geeignet für AmazonBasics 12M 3.0 L,10,90 €,https://m.media-amazon.com/images/I/71Ry-WqFQlL._AC_UL320_.jpg
Staubsaugerbeutel ähnlich AMAZONBASICS W11, 20 Staubbeutel + 2 Mikro-Filter,23,80 €,https://m.media-amazon.com/images/I/61xwHqqXPLL._AC_UL320_.jpg
Premium 35mm Hartbodendüse/Staubsaugerdüse -bürste kompatibel mit Siemens, Miele, Kärcher, Philips, Samsung, Bosch, Metabo, Panasonic,21,99 €,https://m.media-amazon.com/images/I/6197X1b9ChL._AC_UL320_.jpg
iClever Bluetooth Maus, Rechargeable Ergonomiche Maus Kabellose Mouse, Wiederaufladbarer Akku, Multi-Device, 800/1200 / 1600/2000 / 2400 DPI,7 Buttons for PC/Laptop/Tablet/MacBook, Schwarz,23,98 €,https://m.media-amazon.com/images/I/61M2dtkgEYL._AC_UL320_.jpg
ANTONIO ROSSI (12er-Pack) Herren-Boxer-Hipster - Herren-Boxershorts Multipack mit elastischem Bund,39,59 €,https://m.media-amazon.com/images/I/71-ya2+hvGL._AC_UL320_.jpg
FERSENFREUND© Premium Fersenpolster Schuheinlagen - DAS ORIGINAL - Fersenschutz Fersenkissen Gel Antirutsch Einlagen für zu große Schuhe & Stiefel Schuhfüller Heel Protector Pads gegen Blasen 6er-Set,9,95 €,https://m.media-amazon.com/images/I/91ZuyEFkZ2L._AC_UL320_.jpg
Staubsaugerbeutel ähnlich AMAZONBASICS G51, 10 Staubbeutel + 1 Mikro-Filter,14,90 €,https://m.media-amazon.com/images/I/61gs+lJuNSL._AC_UL320_.jpg
rs-products 20x Staubsaugerbeutel aus Mikrovlies, kompatibel mit FAKIR, DIRT DEVIL, SWIRL, AmazonBasics, NILFISK, ALDI, LIDL,13,90 €,https://m.media-amazon.com/images/I/713qJ4UgulL._AC_UL320_.jpg
Staubsaugerbeutel ähnlich AMAZONBASICS A11, 10 Staubbeutel + 1 Mikro-Filter,14,90 €,https://m.media-amazon.com/images/I/51iORpg--RL._AC_UL320_.jpg
Duracell Plus Batterien AA, 12 Stück, langlebige Power, AA Batterie für Haushalt und Büro,12,90 €,https://m.media-amazon.com/images/I/71ltjWdw4nL._AC_UL320_.jpg
EEMB 8 Stück Akku 1,5v AA Wiederaufladbare Lithium Batterie AA 1,5V 2600mWh USB-C AA aufladbare batterien mit 4 in 1 Ladekabel 1.5 Stunden Schnellladung,13,99 €,https://m.media-amazon.com/images/I/71no5-YWFDL._AC_UL320_.jpg
BRITA Wasserfilter Kartusche MAXTRA PRO Extra Kalkschutz (12er-Pack) Jahrespack|Original Ersatz-Wasserfilter für alle BRITA Kannen, filtert Kalk, ultimativer Geräteschutz: Der Heißgetränke-Spezialist,59,99 €,https://m.media-amazon.com/images/I/71wTLaVzKzL._AC_UL320_.jpg
FM London 5er-Pack Bambus-Herren-Boxershorts mit Stretch-Fit-Design,28,99 €,https://m.media-amazon.com/images/I/71a6HP50OhL._AC_UL320_.jpg
TechDot Ladestation für mehrere Geräte, 50W 6-Port USB mit magnetischem Uhrenhalter, mechanische Ladestation, 6-Port Kabel enthalten, Schwarz,35,99 €,https://m.media-amazon.com/images/I/715BLS+PXSL._AC_UL320_.jpg
10 Staubsaugerbeutel geeignet für AmazonBasics G51 Swirl Y05 und Menalux 1840 | Vlies 5-lagig - 10er Pack inkl. 1 Mikrofilter,19,99 €,https://m.media-amazon.com/images/I/61DNRmxjNcL._AC_UL320_.jpg
Vileda Turbo Wischmopp Komplett Set , Bodenwischer mit Teleskopstiel, Mikrofaser Moppkopf mit Kraftfasern und Eimer mit Powerschleuder, für alle Böden, schnell und reinigungsstark, Stiellänge 75-130cm,33,99 €,https://m.media-amazon.com/images/I/81N3YSOjqwL._AC_UL320_.jpg
SPARES2GO Staubsaugerbeutel für AmazonBasics VCB43B1-70EUK Zylinder-Staubsauger 3,0 l (5 Stück + Lufterfrischer),13,39 €,https://m.media-amazon.com/images/I/71ka74Pv62L._AC_UL320_.jpg
Staubsaugerbeutel ähnlich AMAZONBASICS M21, 20 Staubbeutel + 2 Mikro-Filter,23,80 €,https://m.media-amazon.com/images/I/61Xx3ARscBL._AC_UL320_.jpg
UTIZ Papier-Staubsaugerbeutel für AmazonBasics VCB43B1-70EUK Zylinder 3,0 l Daewoo RC105 Sanyo SC34A Staubsauger,14,99 €,https://m.media-amazon.com/images/I/51URT8xkItL._AC_UL320_.jpg
Haysen & Clarvis Wasserfilter Kartuschen Kompatibel mit Brita Maxtra, PearlCo, BWT, Dafi, AmazonBasics (6er Pack),23,99 €,https://m.media-amazon.com/images/I/71CeMtd6bWL._AC_UL320_.jpg
Logitech M220 Silent Kabellose Beidhändig Geräuchlose Maus & AmazonBasics Tasche für Laptop/Tablet mit Bildschirmdiagonale 15,6 Zoll / 39,6 cm,28,29 €,https://m.media-amazon.com/images/I/01QFb8SNuTL._AC_UL320_.gif
Staubsaugerbeutel ähnlich AMAZONBASICS W31, 20 Staubbeutel + 2 Mikro-Filter,23,80 €,https://m.media-amazon.com/images/I/61jGe4aUHQL._AC_UL320_.jpg
SAFE 'N CLEAN Vakuumfilter-Set für AmazonBasics VCS35B15KC -70,B071VNCNLF, 2x Wiederverwendbarer Kunststofffilter,14,79 €,https://m.media-amazon.com/images/I/81UCwVRNZjL._AC_UL320_.jpg
vhbw Staubsaugerfilter kompatibel mit AmazonBasics VCS35B15KC-70, BO71VNCN2F, B071VNCNLF Staubsauger - Abluftfilter Schwarz Weiß,7,99 €,https://m.media-amazon.com/images/I/81lxtVP1AbL._AC_UL320_.jpg
rs-products 20x I Staubsaugerbeutel für AmazonBasics Bodenstaubsauger mit Beutel, 1,5L, Model No. VCB35B15C-1J7W-70, ASIN B07C3N686Y (DA6),13,90 €,https://m.media-amazon.com/images/I/713qJ4UgulL._AC_UL320_.jpg
Dustwave® 20 Staubsaugerbeutel für AmazonBasics W11 - hocheffizient mit Hygieneverschluss - Made in Germany,19,61 €,https://m.media-amazon.com/images/I/81tfft8LNTL._AC_UL320_.jpg
Panasonic Everyday Power, AAA Alkaline Batterien, 40er Pack, plastikfreie Verpackung, Micro/LR03, Amazon Exclusive,12,30 €,https://m.media-amazon.com/images/I/71DceS6kJNL._AC_UL320_.jpg
Staubsaugerbeutel ähnlich AMAZONBASICS S11, 20 Staubbeutel + 2 Mikro-Filter,23,80 €,https://m.media-amazon.com/images/I/61PR+l78dEL._AC_UL320_.jpg
AmazonBasics Smileyworld Sticker, Gelb, PVC, Rechteckig, Cartoon, Indoor, 15 Sticker, Wand, Metall, Holz, Glas, Kunststoff,1,49 €,https://m.media-amazon.com/images/I/51JswRLMTqL._AC_UL320_.jpg
VARTA Batterien AA, 100 Stück, Power on Demand, Alkaline, 1,5V, Vorratspack in umweltschonender Verpackung, ideal für Computerzubehör, Smart Home Geräte,39,99 €,https://m.media-amazon.com/images/I/81L7p75pbQL._AC_UL320_.jpg
rs-products 30x I Staubsaugerbeutel für AmazonBasics Bodenstaubsauger mit Beutel, 1,5L, Model No. VCB35B15C-1J7W-70, ASIN B07C3N686Y (DA6),19,90 €,https://m.media-amazon.com/images/I/713qJ4UgulL._AC_UL320_.jpg
Tipp-Ex Mini Pocket Mouse Korrekturroller, Blister à 2 Roller, Korrekturband 6m x 5mm, Ideal für das Home Office, die Schule & AmazonBasics - Holzgefasste Bleistifte, HB, vorgespitzt, 30er-Pack,19,42 €,https://m.media-amazon.com/images/I/51xwx0c6hfL._AC_UL320_.jpg
ZOLLNER 10er Set Geschirrtücher Baumwolle in 46x70 cm - super saugstarke und robuste Küchentücher – waschbar bis 60°C – in schwarz kariert - Gastronomiequalität - Oeko Tex® Zertifiziert,22,99 €,https://m.media-amazon.com/images/I/91w3vgygu6L._AC_UL320_.jpg
10 Premium Staubsaugerbeutel geeignet für Miele Serie/Reihe Compact und Complete | kompatibel mit Amazon Basics M21 - M 21 | inkl. Filter | 10 Stück | Mikrovlies,13,95 €,https://m.media-amazon.com/images/I/61llYcbAnQL._AC_UL320_.jpg
LiCB 10 Stück CR2032 3V Lithium Knopfzellen CR 2032 Batterien,5,99 €,https://m.media-amazon.com/images/I/81Pd4ogDITL._AC_UL320_.jpg
Energizer Alkaline Power Batterien AA (16 Stück) - Hochleistungsbatterien 1,5V - Batterie für Haushalt und Büro - 100% plastikfreie Recycelbar Verpackung - 7 Jahre lagerfähig [Exklusiv bei Amazon],10,99 €,https://m.media-amazon.com/images/I/81ryhjjbDpL._AC_UL320_.jpg
50x rs-products I Staubsaugerbeutel für AmazonBasics Bodenstaubsauger mit Beutel, 1,5L, Model No. VCB35B15C-1J7W-70, ASIN B07C3N686Y (DA6),29,90 €,https://m.media-amazon.com/images/I/713qJ4UgulL._AC_UL320_.jpg
Erste Hilfe Koffer nach neuer DIN 13157:2021 | Gefüllt, inkl. Wandhalterung, 5x Aufkleber, Prüfsticker & 3x Plomben | Erste Hilfe Kasten/Verbandkasten für Betriebe, Unternehmen, Büro & Zuhause,38,95 €,https://m.media-amazon.com/images/I/81gXZ4cwM7L._AC_UL320_.jpg
Filter für AmazonBasics Staubsauger VCS35B15KC-70, B071VNCNLF kompatibel,9,52 €,https://m.media-amazon.com/images/I/61X8XalMi-L._AC_UL320_.jpg
Energizer Max Batterien AA und AAA Kombipackung (28 Stück) - 1,5V Alkali-Batterie für Haushalt und Büro - 100% plastikfreie Recycelbar Verpackung - 10 Jahre lagerfähig [Exklusiv bei Amazon],19,99 €,https://m.media-amazon.com/images/I/71a5VYHIkEL._AC_UL320_.jpg
SPARES2GO Schaumstofffilter-Set für AmazonBasics VCS35B15KC-70EUK ‎15KC-71EU4 Zylinder-Staubsauger,13,30 €,https://m.media-amazon.com/images/I/61A0ZA+hc9L._AC_UL320_.jpg
vhbw 3x Staubsaugerfilter kompatibel mit AmazonBasics VCS35B15KC-70, BO71VNCN2F, B071VNCNLF Staubsauger - HEPA Filter,14,39 €,https://m.media-amazon.com/images/I/81wMooamN5L._AC_UL320_.jpg
SPARES2GO Sekundärer Schaumstofffilter für AmazonBasics VCS35B15KC-70EUK ‎15KC-71EU4 Zylinder-Staubsauger,11,32 €,https://m.media-amazon.com/images/I/71rT1qee7mL._AC_UL320_.jpg
vhbw Filter-Set kompatibel mit AmazonBasics B071VNCNLF, BO71VNCN2F, VCS35B15KC-70 Staubsauger - 2x Filter (Abluft-Filter, HEPA-Filter),12,49 €,https://m.media-amazon.com/images/I/71Thia491zL._AC_UL320_.jpg
SPARES2GO HEPA-Filter-Set für AmazonBasics VCS35B15KC-70EUK ‎15KC-71EU4 Zylinder-Staubsauger,12,55 €,https://m.media-amazon.com/images/I/61VVww4XrpL._AC_UL320_.jpg
Jogginghose Damen Baggy Sommerhose Leicht Sporthose Lang Hosen mit Kordelzug Trainingshose Baumwolle Freizeithose Teenager Mädchen Laufhose mit Taschen Frauen Weite Sweatpants Stoffhose Schlupfhose,25,69 €,https://m.media-amazon.com/images/I/61RnaOFLjmL._AC_UL320_.jpg
Dynavox Stereo Kompakt-Verstärker VT-80 schwarz, Anschluss-Terminals für 4 Lautsprecher, 25x18x9.5cm & AmazonBasics PBH-19821 Cinch-Audiokabel, 3,5-mm-Klinkenstecker auf 2 x Cinch-Stecker, 1,22 m,144,78 €,https://m.media-amazon.com/images/I/51WdoD-ffyS._AC_UL320_.jpg
vhbw Filterset 2x Staubsaugerfilter kompatibel mit AmazonBasics VCS35B15KC-70, BO71VNCN2F, B071VNCNLF Staubsauger - Abluftfilter Schwarz Weiß,12,99 €,https://m.media-amazon.com/images/I/81mFcs5v6aL._AC_UL320_.jpg
SPARES2GO Sekundärer Schaumstofffilter für AmazonBasics VCS35B15KC-70EUK ‎15KC-71EU4 Zylinder-Staubsauger (2 Stück),16,08 €,https://m.media-amazon.com/images/I/71u6xpIdlRL._AC_UL320_.jpg
Offizielles Amazon 5-W-USB-Ladegerät und Netzteil (kompatibel mit den meisten Geräten, einschließlich Tablets, eReadern, Smartphones und mehr),14,99 €,https://m.media-amazon.com/images/I/61v7a4tj71L._AC_UL320_.jpg
vhbw 1x Staubsaugerfilter kompatibel mit AmazonBasics VCS35B15KC-70, BO71VNCN2F, B071VNCNLF Staubsauger - HEPA Filter,8,19 €,https://m.media-amazon.com/images/I/81WSZJoajPL._AC_UL320_.jpg
Vakuumbeutel für Kleidung mit elektrischer Luftpumpe, 8er Pack (2Jumbo/2groß/2mittel/2klein), Vakuumbeutel für Bettdecken, Matratzen, Decken, Kissen, Bettwäsche, Reisen, Umzug,29,99 €,https://m.media-amazon.com/images/I/61HFN2q6VSL._AC_UL320_.jpg
DarBene Spannbettlaken 90x200 Premium, Jersey 100% gekämmte Premium Baumwolle, atmungsaktiv, superweiches Bettlaken bis 30 cm Matratzenhöhe, Oeko-TEX, Elfenbein,27,99 €,https://m.media-amazon.com/images/I/8118RVLmKDL._AC_UL320_.jpg
GEEETECH PETG Filament 1.75 mm 1kg Spool für 3D-Drucker, Silber,22,99 €,https://m.media-amazon.com/images/I/71fIv92MIXL._AC_UL320_.jpg
ELONEO Klappmatratze, Gästematratze, 3-teilige Faltmatratze, Schaumstoff extra dick (15cm), waschbar, Bandscheibenwürfel, klappbar, Faltbare Matratze, Erwachsene (Schwarz, 75 x 195 x 15 cm),69,99 €,https://m.media-amazon.com/images/I/7180MpyExFL._AC_UL320_.jpg
BEVIGOR 12 Stück 1000mAh 1.2V wiederaufladbare Solar-Batterien, leistungsstarke AA NI-MH-Akkus, geeignet für Außen-Solarleuchten, Lichterketten,10,19 €,https://m.media-amazon.com/images/I/71VpVk9uVWL._AC_UL320_.jpg
McFilter | 10 Staubsaugerbeutel kompatibel für Tristar SZ-1940 SZ-1920 | Bomann BS 911 BS 9011 CB | AmazonBasics 15C | Samsung FC SC VC VCC Serie | Thomas ECO Power | Grundig VCC3650 VCC4350 VCC4950,12,29 €,https://m.media-amazon.com/images/I/61fE999tb5L._AC_UL320_.jpg
vhbw 10x Staubbeutel kompatibel mit AmazonBasics Bodenstaubsauger 1,5l Staubsauger - 32cm x 24cm Weiß,16,99 €,https://m.media-amazon.com/images/I/8148top5mBL._AC_UL320_.jpg
Energizer Max Batterien AA und AAA Kombipackung (28 Stück) - 1,5V Alkali-Batterie für Haushalt und Büro - 100% plastikfreie Recycelbar Verpackung - 10 Jahre lagerfähig [Exklusiv bei Amazon],19,99 €,https://m.media-amazon.com/images/I/71a5VYHIkEL._AC_UL320_.jpg
vhbw 10x Staubsaugerbeutel kompatibel mit AmazonBasics Bodenstaubsauger 3,0l Staubsauger - Mikrovlies, 31,5cm x 30cm Weiß,14,19 €,https://m.media-amazon.com/images/I/716iZ9bVU5L._AC_UL320_.jpg
Filter für AmazonBasics Staubsauger VCS35B15KC-70, B071VNCNLF kompatibel,9,52 €,https://m.media-amazon.com/images/I/61X8XalMi-L._AC_UL320_.jpg
SPARES2GO Schaumstofffilter-Set für AmazonBasics VCS35B15KC-70EUK ‎15KC-71EU4 Zylinder-Staubsauger,13,30 €,https://m.media-amazon.com/images/I/61A0ZA+hc9L._AC_UL320_.jpg
Adinomiency Kabelclips – 12er-Pack, nützliches Vatertagsgeschenk | Kabel-Organizer für Schreibtisch, Auto und Zuhause, Kabelhalter für Bürobedarf und Aufbewahrung (6 schwarz + 6 weiß),8,59 €,https://m.media-amazon.com/images/I/613ejE-cUFL._AC_UL320_.jpg
RedThunder K10 Gaming Tastatur und Maus Set, QWERTZ DE-Layout, Metallplatte und Handballenauflager,RGB-Hintergrundbeleuchtung und 7D mit Ergonomische für PC Gamer(Schwarz),46,02 €,https://m.media-amazon.com/images/I/711w0e2fqGL._AC_UL320_.jpg
JupiterSecret Boxershorts Herren Baumwolle Unterhosen Männer Amarican Boxershorts 6er und 10er Packs,19,99 €,https://m.media-amazon.com/images/I/81JHeieVcZL._AC_UL320_.jpg
2 x Reisepasshülle für den NEUEN Reisepass (ab April 2017), dokumentenecht und transparent in reißfester Schutzhülle. Schützt Ihren Pass vor Wasser, Staub und Schmutz | Zwei Passport Holders im Set,5,97 €,https://m.media-amazon.com/images/I/71XTOwFdo5L._AC_UL320_.jpg
50x rs-products I Staubsaugerbeutel für AmazonBasics Bodenstaubsauger mit Beutel, 1,5L, Model No. VCB35B15C-1J7W-70, ASIN B07C3N686Y (DA6),29,90 €,https://m.media-amazon.com/images/I/713qJ4UgulL._AC_UL320_.jpg
vhbw 5X Staubsaugerbeutel kompatibel mit AmazonBasics Bodenstaubsauger 3,0l Staubsauger - Mikrovlies, 31,5cm x 30cm Weiß,10,59 €,https://m.media-amazon.com/images/I/716iZ9bVU5L._AC_UL320_.jpg
Eureka Apollo Staubsauger Beutellos, leichter Zylinderstaubsauger mit Single Cyclone System, 800W Power Efficiency Motor, 2.2L Staubbehälter, für Teppiche und Hartböden, Grün,79,99 €,https://m.media-amazon.com/images/I/61x2P+vPyFL._AC_UL320_.jpg
vhbw 3x Staubsaugerfilter kompatibel mit AmazonBasics VCS35B15KC-70, BO71VNCN2F, B071VNCNLF Staubsauger - HEPA Filter,14,39 €,https://m.media-amazon.com/images/I/81wMooamN5L._AC_UL320_.jpg
Himimi 6-Stöckiges Stehregal mit Rädern, Höhenverstellbares, Strapazierfähiges Regal Haken für Badezimmer, Küche, Garage, Schlafzimmer, Schwarz, 29cm x 54cm x 175cm,77,99 €,https://m.media-amazon.com/images/I/715r+J3PRbL._AC_UL320_.jpg
BREOILUTLE Wasserfilter kartuschen Ersatz für Brita® Marella® Kanne Wasserfilter, Filterkartuschen Kompatibel mit Brita® Maxtra+® Plus Maxtra Pro® All-in-1, Reduziert PFAS/PFOA/PFOS (12, 12-PCS),29,19 €,https://m.media-amazon.com/images/I/714g6zAtSuL._AC_UL320_.jpg
SONGMICS Ergonomischer Bürostuhl aus Segeltuch, Sessel, gepolsterte Lendenwirbelstütze, Wippmechanismus, breite Sitzfläche 53 cm, klappbare Armlehnen, schwarz und weiß OBN37WT,79,99 €,https://m.media-amazon.com/images/I/81MtlyMmI3L._AC_UL320_.jpg
Lubluelu Akku Staubsauger mit Starke Saugleistung, Staubsauger Kabellos mit bis zu 50Min. Laufzeit, Staubsauger Freistehend mit Herausnehmbarem Akku für Hartböden, Tierhaare, Teppiche,84,99 €,https://m.media-amazon.com/images/I/61KmheIYXZL._AC_UL320_.jpg
vhbw 2x Staubsaugerfilter kompatibel mit AmazonBasics VCS35B15KC-70, BO71VNCN2F, B071VNCNLF Staubsauger - HEPA Filter,12,69 €,https://m.media-amazon.com/images/I/81x5K4fcUAL._AC_UL320_.jpg
Dynavox Stereo Kompakt-Verstärker VT-80 schwarz, Anschluss-Terminals für 4 Lautsprecher, 25x18x9.5cm & AmazonBasics PBH-19821 Cinch-Audiokabel, 3,5-mm-Klinkenstecker auf 2 x Cinch-Stecker, 1,22 m,144,78 €,https://m.media-amazon.com/images/I/51WdoD-ffyS._AC_UL320_.jpg
Vakuumbeutel für Kleidung mit elektrischer Luftpumpe, 8er Pack (2Jumbo/2groß/2mittel/2klein), Vakuumbeutel für Bettdecken, Matratzen, Decken, Kissen, Bettwäsche, Reisen, Umzug,29,99 €,https://m.media-amazon.com/images/I/61HFN2q6VSL._AC_UL320_.jpg
SPARES2GO Sekundärer Schaumstofffilter für AmazonBasics VCS35B15KC-70EUK ‎15KC-71EU4 Zylinder-Staubsauger,11,32 €,https://m.media-amazon.com/images/I/71rT1qee7mL._AC_UL320_.jpg
SPARES2GO HEPA-Filter-Set für AmazonBasics VCS35B15KC-70EUK ‎15KC-71EU4 Zylinder-Staubsauger,12,55 €,https://m.media-amazon.com/images/I/61VVww4XrpL._AC_UL320_.jpg
Jogginghose Damen Sporthose Einfarbige Hosen Baggy Laufhose Trainingshose Fitness Sweathose Teenager Mädchen Freizeithose mit Kordelzug Baumwolle Schlupfhose mit Taschen Frau Hose Bequeme Sweatpants,25,69 €,https://m.media-amazon.com/images/I/5168BxuxnaL._AC_UL320_.jpg
Offizielles Amazon 5-W-USB-Ladegerät und Netzteil (kompatibel mit den meisten Geräten, einschließlich Tablets, eReadern, Smartphones und mehr),14,99 €,https://m.media-amazon.com/images/I/61v7a4tj71L._AC_UL320_.jpg
vhbw Filter-Set kompatibel mit AmazonBasics B071VNCNLF, BO71VNCN2F, VCS35B15KC-70 Staubsauger - 2x Filter (Abluft-Filter, HEPA-Filter),12,49 €,https://m.media-amazon.com/images/I/71Thia491zL._AC_UL320_.jpg
Jogginghose Damen Baggy Sommerhose Leicht Sporthose Lang Hosen mit Kordelzug Trainingshose Baumwolle Freizeithose Teenager Mädchen Laufhose mit Taschen Frauen Weite Sweatpants Stoffhose Schlupfhose,25,69 €,https://m.media-amazon.com/images/I/61RnaOFLjmL._AC_UL320_.jpg
vhbw Filterset 2x Staubsaugerfilter kompatibel mit AmazonBasics VCS35B15KC-70, BO71VNCN2F, B071VNCNLF Staubsauger - Abluftfilter Schwarz Weiß,12,99 €,https://m.media-amazon.com/images/I/81mFcs5v6aL._AC_UL320_.jpg
SPARES2GO Sekundärer Schaumstofffilter für AmazonBasics VCS35B15KC-70EUK ‎15KC-71EU4 Zylinder-Staubsauger (2 Stück),16,08 €,https://m.media-amazon.com/images/I/71u6xpIdlRL._AC_UL320_.jpg
KOG Leinenbluse Damen Elegante Baumwolle Leinen Tshirt Leinenshirt Lose Kurzarm Blusen Frau Longshirt Oversized Tee T-Shirt Teenager Mädchen Freizeit Longbluse Leinenhemd Große Größen Bluse Oberteile,6,97 €,https://m.media-amazon.com/images/I/710y6cyBiKL._AC_UL320_.jpg
Blusen Tuniken für Damen Leinen Bluse Basic V-Ausschnitt Kurzarm T-Shirt Musselin OberteileSexy Modisch Licht Hemdbluse Tunika Top Leinenhemd,9,99 €,https://m.media-amazon.com/images/I/71e1XeZ41bL._AC_UL320_.jpg
vhbw 1x Staubsaugerfilter kompatibel mit AmazonBasics VCS35B15KC-70, BO71VNCN2F, B071VNCNLF Staubsauger - HEPA Filter,8,19 €,https://m.media-amazon.com/images/I/81WSZJoajPL._AC_UL320_.jpg
JUZILO Leggings Damen Gradient Print Sport Leggins Lang Shape Stretch Pailletten Tights Push Up Leggings Modisch Yoga Hose für Gym Fitness Bequeme Lässig Frühling Unterziehhose,5,99 €,https://m.media-amazon.com/images/I/71+SAjRVzzL._AC_UL320_.jpg
HXRYPG Zweiteiler Damen Sommer Outfits Workout Hosenanzug Crop Tank Top und Shorts Frauen Loungewear Set Elegant Teenager Mädchen 2 Teiler Bequeme Kleidung Y2K Sport Anzug Freizeitanzug,17,49 €,https://m.media-amazon.com/images/I/7111bW9J0cL._AC_UL320_.jpg
Verdunkelungsrollo Klemmfix ohne Bohren 75cm x 150cm Grau Verdunklungsrollo Fensterrollo Rollo Seitenzugrollo Klemmrollo für Fenster & Tür,21,85 €,https://m.media-amazon.com/images/I/6151tQ2+LxL._AC_UL320_.jpg
2x Trade-Shop Filter-Set Abluftfilter/Motorschutzfilter + HEPA-Filter kompatibel mit AmazonBasics B071VNCNLF BO71VNCN2F VCS35B15KC-70,22,90 €,https://m.media-amazon.com/images/I/61hz7-yin8L._AC_UL320_.jpg
HXRYPG 2er Pack Leggings Damen Elastisch Yogahose Lange Sportleggings Blickdicht Frauen Sporthose Yoga Hosen Scrunch Teenager Mädchen Sport Leggins High Waist Freizeit Alltag,9,97 €,https://m.media-amazon.com/images/I/618m39UV5JL._AC_UL320_.jpg
KOG Poloshirts für Herren Polohemd Kurzarm Oberteile Einfarbige Tshirts Fashion Baumwolle Oberteil Jungen Bekleidung Lässig Freizeitshirt Männer Hemdkragen Sportshirt Basic Shirt Strand Hemden,9,97 €,https://m.media-amazon.com/images/I/81MWd7crV5L._AC_UL320_.jpg
KOG Poloshirts für Herren Polohemd Kurzarm Bekleidung Einfarbig Sportshirt Lose Baumwolle Streetwear Junge Tshirt 2025 Kleidung Henley Ausschnitt Basic Shirts Einfarbige Slim Fit Tops Freizeithemd,9,97 €,https://m.media-amazon.com/images/I/51ts3XDTDZL._AC_UL320_.jpg
HXRYPG 3/4 Hose Damen Sporthose Knielang Wanderhose mit Kordelzug Jogginghose Lässig Schlupfhose Teenager Mädchen Freizeithose Baumwolle Cargohose Einfarbig Stoffhose Bequeme Kleidung Pants,14,49 €,https://m.media-amazon.com/images/I/51Rs0C2UAQL._AC_UL320_.jpg
RÖSLE Gemüsemesser Basic Line - 9 cm, hochwertiges Küchenmesser für Obst und Gemüse, Edelstahl 18/10, ergonomischer silberner Griff, scharfes Messer für die Küche,18,90 €,https://m.media-amazon.com/images/I/71Fx00xyI0L._AC_UL320_.jpg
HXRYPG Capri Leggings Damen Blickdicht Leggins 3/4 High Waist Sportleggins Caprihose Sommer Yogahose Frau Sporthose 7/8 Freizeithose Elegant Kurze Hose Laufhose Pants Leichte Sommerhose S -3XL,8,97 €,https://m.media-amazon.com/images/I/61s3s9ez+NL._AC_UL320_.jpg
KOG Poloshirt Herren Golf Polo Shirt Kurzarm Bekleidung Einfarbige Kleidung Mode Baumwolle Tee T-Shirt Tee Fashion Oberteile Jungen Henley Ausschnitt Casual Laufshirt Große Größen Top Wandershirt,9,97 €,https://m.media-amazon.com/images/I/61PY1ul5YpL._AC_UL320_.jpg
KOG Hemd Herren Sommer Freizeithemd Männer Freizeithemden Einfarbige Sommerhemd Vintage Baumwolle Businesshemd T-Shirt Strand Hemden Teenager Retro Streetwear Einfarbig Mode Oberteil Kleiderhemd,13,44 €,https://m.media-amazon.com/images/I/61nYq3F4UOL._AC_UL320_.jpg
KOG Hemd Herren Sommer Strand Hemd Männer Streetwear Einfarbige Laufshirt Loose Fit Baumwolle Kleidung Jungen Herrenhemd 2025 Hemd Junge Vintage Sweatshirt Einfarbig Retro Strand Hemden Wandershirt,13,98 €,https://m.media-amazon.com/images/I/61L44INmBYL._AC_UL320_.jpg
KOG Hemd Herren Sommer Sporthemd Männer Strand Hemden Einfarbig Freizeitshirt Loose Fit Baumwolle Shirts Junge Tops Mode Sportshirt Jungen Lose Kurzarmhemd Einfarbige Casual Freizeithemden Tshirts,13,45 €,https://m.media-amazon.com/images/I/61Lrg2+n4PL._AC_UL320_.jpg
Zweiteiler Damen Sommer Baumwolle Leinen Top und Caprihose Musselin Hosenanzug Elegant Loungewear Set Freizeitanzug mit Taschen Leinenanzug Outfit Casual Ärmellos Anzug Leicht Hosenanzüge M - 4XL,18,97 €,https://m.media-amazon.com/images/I/61-jdMID2SL._AC_UL320_.jpg
KOG Hemd Herren Sommer Kurzarmhemd Männer Freizeithemden Einfarbig Bekleidung Lässig Baumwolle Herrenhemd Junge Strand Hemd Lose Strand Hemden Teenager Oversized Oberteile Vintage Laufshirt Shirts,12,47 €,https://m.media-amazon.com/images/I/71yT3lbrmOL._AC_UL320_.jpg
KOG Hawaii Hemd Männer Hawaiihemd Herren Oberteile Mode Motiv T-Shirts Basic Baumwolle T-Shirt Loose Fit Sommerhemd Jungen Oversized Unterhemd Grafik Drucken Lässig Kurzarmhemd Baumwolle Poloshirt,11,98 €,https://m.media-amazon.com/images/I/61B4+ASA0zL._AC_UL320_.jpg
KOG Hawaii Hemd Männer Sommerhemd Herren Oberteil Grafik Drucken T-Shirt Lässig Baumwolle Strand Hemden Kleiderhemd Mode Kleidung Jungen Casual Hemden Grafik 2025 Laufshirt Baumwolle Streetwear,14,48 €,https://m.media-amazon.com/images/I/61PlHFOizPL._AC_UL320_.jpg
KOG Hawaii Hemd Männer Hemden Herren Oberteile Tie-Dye Muster Hemd Bequemes Baumwolle Tee T-Shirt Junge Laufshirt Sporthemd Jungen Basic Sportshirt Grafik Drucken 2025 Shirt Baumwolle Businesshemd,12,96 €,https://m.media-amazon.com/images/I/71YZV5frKKL._AC_UL320_.jpg
KOG Hawaii Hemd Männer Hawaiihemd Herren Businesshemd Grafik Drucken Bekleidung Baumwolle Tshirts Teenager Tshirt Lose Oversized Freizeithemden Grafik Große Größen Sweatshirt Baumwolle Unterhemd,11,94 €,https://m.media-amazon.com/images/I/71mKhEWlYXL._AC_UL320_.jpg
KOG Hawaii Hemd Männer Sporthemd Herren Hawaiihemd Grafik T-Shirt Leicht Baumwolle T-Shirts Teenager Sommerhemd Lässig Herrenhemd Slim Fit Poloshirt Tie-Dye Muster Mode Top Baumwolle Sportshirt,13,45 €,https://m.media-amazon.com/images/I/615dOeqcvDL._AC_UL320_.jpg
KOG Hawaii Hemd Männer Hemden Herren Kleidung Mode Motiv Streetwear Lässig Baumwolle Freizeithemd Tee T-Shirt Sommer Oberteil Jungen Oversize Sporthemd Tie-Dye Muster Fashion Tshirt Baumwolle Hemd,14,42 €,https://m.media-amazon.com/images/I/71K8yDg-iPL._AC_UL320_.jpg
KOG Hawaii Hemd Männer Freizeithemden Herren Oberteile Mode Motiv Tee T-Shirt Vintage Baumwolle Sommerhemd Jungen Businesshemd Sommer Shirts Teenager Basic Hemden Große Größen Tops Baumwolle Shirt,13,47 €,https://m.media-amazon.com/images/I/61kEnVX4c-L._AC_UL320_.jpg
KOG Hawaii Hemd Männer Hemd Herren Bekleidung Tie-Dye Muster Hawaiihemd Freizeit Baumwolle Freizeithemd Junge Top Basic Shirt Teenager Leicht Freizeitshirt Mode Motiv Lässig Tee T-Shirt Baumwolle Tee,13,97 €,https://m.media-amazon.com/images/I/711Oif7Ur+L._AC_UL320_.jpg
DEVLA Werkzeugkoffer leer, (X) (schwarz)- [anpassbare Trennwände]. Stabile Werkzeugkiste, Werkzeugbox, Werkzeugkasten - Jetzt Modelle vergleichen,45,00 €,https://m.media-amazon.com/images/I/61X0x05ySdL._AC_UL320_.jpg
Bevigor 4 x AA und 4 x AAA NiMH-Akkus, Ladegerät, Schnellladegerät, Akku, Ladegerät-Set,17,99 €,https://m.media-amazon.com/images/I/61YyYNNmmWL._AC_UL320_.jpg
Granicell AA Wiederaufladbare Batterien 2800 mAh Hohe Kapazität 1500 Zyklen, 1.2V NiMH Low Self Discharge AA Batterie, 12er Pack,15,99 €,https://m.media-amazon.com/images/I/61Yf66+jd7L._AC_UL320_.jpg
Hixon 1,5V Wiederaufladbare AA Akku 4 Stücke, Lithium AA Akku mit Hoher Kapazität 3000 mWh (1,5V 2000mAh), Zyklenzeiten Bis zu 1600+,19,99 €,https://m.media-amazon.com/images/I/61JgM9KksJL._AC_UL320_.jpg
KOG Hawaii Hemd Männer Strand Hemden Herren Bekleidung Grafik Tee Mode Baumwolle Shirt Junge Sportshirt Lose Hawaiihemd Teenager Loose Fit Tshirts Grafik Drucken Bequemes Freizeitshirt Baumwolle,14,92 €,https://m.media-amazon.com/images/I/61mCRRII+4L._AC_UL320_.jpg
Staubsaugerbeutel ähnlich AMAZONBASICS M11, 20 Staubbeutel + 2 Mikro-Filter,23,80 €,https://m.media-amazon.com/images/I/61+hA2jXHCL._AC_UL320_.jpg
KOG Hemd Herren Sommer Kurzarmhemd Männer Freizeithemden Einfarbig Bekleidung Lässig Baumwolle Herrenhemd Junge Strand Hemd Lose Strand Hemden Teenager Oversized Oberteile Vintage Laufshirt Shirts,12,47 €,https://m.media-amazon.com/images/I/71yT3lbrmOL._AC_UL320_.jpg
Amazon Basics Teppichmesser, versenkbar, mit weichem Griff, mit 3 austauschbaren Klingen, Schwarz/Silberfarben,6,92 €,https://m.media-amazon.com/images/I/61aW9F-521L._AC_UL320_.jpg
Reinica 5 Staubsaugerbeutel für AmazonBasics 15C Staubbeutel Saugerbeutel Beutel Filterbeutel Staubfilterbeutel Staubfiltertüten Staubsaugerbeutel Staubsaugertüten,7,32 €,https://m.media-amazon.com/images/I/61JSt0tHP+L._AC_UL320_.jpg
KOG Hawaii Hemd Männer Hawaiihemd Herren Bekleidung Mode Motiv Freizeitshirt Basic Baumwolle T-Shirts Jungen Kleiderhemd Bequemes Shirts Junge Mode Sporthemd Grafik Sommer Tops Baumwolle Sweatshirt,16,97 €,https://m.media-amazon.com/images/I/7184j+Pr9YL._AC_UL320_.jpg
Gigastone Gaming Plus Micro SD Karte 512GB + SD Adapter, Kompatibel mit Switch 1, SD Karte Lesegeschwindigkeit bis zu 100MB/s. MicroSDXC Speicherkarte UHS-I A1 U3 V30 Klasse 10, 4K UHD Video,54,98 €,https://m.media-amazon.com/images/I/71puTMFVXMS._AC_UL320_.jpg
GutAlkaLi Batterien 9V Blockbatterie, 6 Stück, Longlife Power für Rauchmelder, Brand- & Feuermelder, Mikrofon 6lr61 6F22 PP3 MN1604,6,39 €,https://m.media-amazon.com/images/I/81zqdjoU26L._AC_UL320_.jpg
2m Ladekabel, 100W Power Delivery, USB C auf USB C Kabel, USB 2.0, elegante Metallstecker, besonders flexibler Stoffmantel in schwarz,6,99 €,https://m.media-amazon.com/images/I/61jdmeSb4BL._AC_UL320_.jpg
MR.SIGA Toilettenbürste WC Bürste und Halter mit schnell trocken Behälter und festem Griff, Premium Klobürste für Badezimmer, Grau,19,99 €,https://m.media-amazon.com/images/I/61RQBcTJFhL._AC_UL320_.jpg
Glücksblatt Toilettenpapier Box, 3-lagig, 75 Rollen x 180 Blatt, 100% Zellstoff, Großpackung, superweiches Klopapier, WC Papier, wiederverwendbarer Vorratskarton,39,99 €,https://m.media-amazon.com/images/I/81TQOHFCmoL._AC_UL320_.jpg
Trade-Shop Filter-Set Abluftfilter/Motorschutzfilter + HEPA-Filter kompatibel mit AmazonBasics B071VNCNLF BO71VNCN2F VCS35B15KC-70,13,90 €,https://m.media-amazon.com/images/I/51OMv2BdmJL._AC_UL320_.jpg
Amazon Basics Taschenfederkernmatratze mit 7 Zonen, Mittel Fest (H3), 80 x 190 x 21.5 cm, Weiß,185,89 €,https://m.media-amazon.com/images/I/71uQAVdZxDL._AC_UL320_.jpg
KOG Hawaii Hemd Männer Hemd Herren Bekleidung Tie-Dye Muster Hawaiihemd Freizeit Baumwolle Freizeithemd Junge Top Basic Shirt Teenager Leicht Freizeitshirt Mode Motiv Lässig Tee T-Shirt Baumwolle Tee,13,97 €,https://m.media-amazon.com/images/I/711Oif7Ur+L._AC_UL320_.jpg
MASKO® Werkzeugkoffer 1299-teilig gefüllt | Werkzeugset im Aluminiumkoffer | Werkzeugkasten mit Rollen | Werkzeugkiste Haushalt, Haus, Hobby, KFZ | Trolley-Funktion | Profi Werkzeugwagen Handwerkzeug,99,80 €,https://m.media-amazon.com/images/I/81MLOCK2jFL._AC_UL320_.jpg
SUG Werkzeugkoffer 216-tlg - Komplett bestückt für Heimwerker & Kfz | Profi Werkzeugkasten für Haushalt & Werkstatt,119,90 €,https://m.media-amazon.com/images/I/81UHcB83fiL._AC_UL320_.jpg
KINREECELL AA Lithium Wiederaufladbare Batterie, Tragbarer Akku, Lithium-Ionen AA Batterien, 1,5-stündiges USB-C-Schnellladen, 1,5V Konstante Spannung, 1200 Zyklen langlebige Stromversorgung(4er Pack),13,96 €,https://m.media-amazon.com/images/I/71uzCnfCzwL._AC_UL320_.jpg
Deedlite Shiny Bath XXL Trockentuch, Fast Dry Mikrofasertücher, Original Wipes Tücher, Premium für Duschkabine, Auto, Haushalt, Camping (40x60cm, 3 Stück),20,99 €,https://m.media-amazon.com/images/I/81CyCMWb-IL._AC_UL320_.jpg
Waterdrop Compact Sofortiger Elektrischer Wasserfilterkrug mit 3 Monate Filter, Countertop Wasserfilterkannen, Reduziert Chlor, Blei, Quecksilber, PFAS,PFOA/PFOS, 757 Liter, Blau,47,69 €,https://m.media-amazon.com/images/I/61euxBrrGmL._AC_UL320_.jpg
KOG Hemd Herren Sommer Hawaiihemd Männer Bekleidung Einfarbige Kurzarmhemd Lose Baumwolle Freizeithemd Teenager Hemd 2025 Strand Hemd Oversize Oberteil Einfarbig Freizeit Freizeitshirt Herrenhemd,15,97 €,https://m.media-amazon.com/images/I/51mKQuaesOL._AC_UL320_.jpg
BRITA Wasserfilter Kanne Marella weiß (2,4l) inkl. 12x MAXTRA PRO All-in-1 Kartusche (Jahresvorrat) – Wasserfilter zur Reduzierung von Kalk, Chlor, Blei, Kupfer & geschmacksstörenden Stoffen im Wasser,69,93 €,https://m.media-amazon.com/images/I/8107PoS+S4L._AC_UL320_.jpg
ELONEO Klappmatratze, Gästematratze, 3-teilige Faltmatratze, Schaumstoff extra dick (15cm), waschbar, Bandscheibenwürfel, klappbar, Faltbare Matratze, Erwachsene (Schwarz, 75 x 195 x 15 cm),69,99 €,https://m.media-amazon.com/images/I/7180MpyExFL._AC_UL320_.jpg
SPARES2GO Staubsaugerbeutel kompatibel mit AmazonBasics VCB43B1-70EUK Zylinder 3.0L Staubsauger (10 Stück),19,69 €,https://m.media-amazon.com/images/I/71GuyS+cIUL._AC_UL320_.jpg
Badehose Herren mit Taschen Badeshorts Schnelltrocknend Schwimmhose Atmungsaktiv Farbverlauf Badehosen Jungen Bademode Männer Schwimmshort mit Kordelzug Strandhose Große Größen Boardshorts,8,49 €,https://m.media-amazon.com/images/I/71+GPTDnWnL._AC_UL320_.jpg
Manfrotto 3er-Pack Stativ Master Schwarz 1004BAC-3 & AmazonBasics Photographic Empty Sandbag for Light Stands, 4 Pack - Amazon Vine,375,59 €,https://m.media-amazon.com/images/I/51QxshWxw2L._AC_UL320_.jpg
40 Staubsaugerbeutel geeignet für AmazonBasics 12M 3.0 L,21,90 €,https://m.media-amazon.com/images/I/71nZanEsMRL._AC_UL320_.jpg
Amazon Basics Extra Große Reisetasche (98L), Sport- und Ausrüstungstasche mit Mehreren Reißverschlusstaschen, Leichtes und Langlebiges Nylon-Material, 23kg Gewichtskapazität, Marineblau, 82x43 x43 cm,16,99 €,https://m.media-amazon.com/images/I/71SjdG7RWeL._AC_UL320_.jpg
Amazon Basics Rund Zylindrisch Mülleimer aus Edelstahl mit Schwingdeckel, 65 l, Silber/Schwarz,184,99 €,https://m.media-amazon.com/images/I/71w2Yp2gzOL._AC_UL320_.jpg
KOG Hawaii Hemd Männer Hawaiihemd Herren Hemd Tie-Dye Muster Strand Hemd Baumwolle Oberteile Teenager Wandershirt Vintage Tshirt Casual Kurzarmhemd Grafik Drucken Oversize Sporthemd Baumwolle,13,47 €,https://m.media-amazon.com/images/I/617AEAGIsHL._AC_UL320_.jpg
BGS 6160 | Abkant- und Falzzange | gerade | 280 mm & AmazonBasics Durchlaufblechscheren-Set, 3-teilig, linker, rechter und gerader Schnitt,39,37 €,https://m.media-amazon.com/images/I/01QFb8SNuTL._AC_UL320_.gif
Herren Badehose Lang Badeshorts Schnelltrocknend Boardshorts Sommer Sporthose Kurze Hosen Jogging Freizeithose mit Kordelzug Strandhose Bademode Schwimmhose Männer Bermuda Shorts Strand Badebekleidung,8,97 €,https://m.media-amazon.com/images/I/61aewxrj6OL._AC_UL320_.jpg
GutAlkaLi Batterien Micro Alkali, AAA,LR03, 40 Stück für Kameras, Spielecontroller, Spielzeug und Uhren,9,59 €,https://m.media-amazon.com/images/I/71HHY9CiOWL._AC_UL320_.jpg
Maxorado Staubsauger Ersatzteil Set Kombidüse Düse Bürste Universal Bodendüse kompatibel mit Amazon Basics amazonbasics 15KC-71EU4 VCS35B17K 16H-71EU4 15C-71EU4 12M-71EU4 Staubsaugerdüse Fuß,34,90 €,https://m.media-amazon.com/images/I/616TdxU2FSL._AC_UL320_.jpg
HXRYPG Radlerhose Damen mit Taschen High Waist Sporthose Kurze Leggings Blickdicht Shorts Leggins Yoga Gym Trainingshose Sommer Hosen Laufen Sportleggins Push Up Fitness Hotpants Sportshorts,6,49 €,https://m.media-amazon.com/images/I/71bDqw2OgCL._AC_UL320_.jpg
Logitech Wireless Keyboard K270 (QWERTY, englisches Tastaturlayout) mit AmazonBasics Batterien,43,70 €,https://m.media-amazon.com/images/I/51m1mYEz3hL._AC_UL320_.jpg
BAGAIL Mikrofaser Handtuch - Kompakt, Ultra Leicht, Schnelltrocknend - Microfaser Handtücher mit Atmungsaktive Eva Box - Perfekte Sporthandtuch, Strandhandtuch, Reisehandtuch und Badehandtücher,21,99 €,https://m.media-amazon.com/images/I/71v7qq3tSjL._AC_UL320_.jpg
KOG Hawaii Hemd Männer Herrenhemd Herren Businesshemd Grafik Drucken Tshirt Lose Baumwolle Freizeitshirt Junge Arbeitsshirt Lässig Kleidung Leicht Sporthemd Grafik Basic Oberteil Baumwolle Tops,12,96 €,https://m.media-amazon.com/images/I/716qShZN0mL._AC_UL320_.jpg
Amazon Basics Moderner Home-Office-Schreibtisch, Computertisch mit 4 Schubladen, einfacher Aufbau, 56 x 110 x 73 cm, Eiche,108,99 €,https://m.media-amazon.com/images/I/811z2q0srLL._AC_UL320_.jpg
AmazonBasics Mental Health Gifts: Heart Acrylic Sign for Therapy Office & School Counselor - Mindfulness Decor,18,62 €,https://m.media-amazon.com/images/I/71iQ44VPcRL._AC_UL320_.jpg
Reinica 5 Staubsaugerbeutel für AmazonBasics 12M Staubbeutel Saugerbeutel Beutel Filterbeutel Staubfilterbeutel Staubfiltertüten Staubsaugerbeutel Staubsaugertüten,7,32 €,https://m.media-amazon.com/images/I/61JSt0tHP+L._AC_UL320_.jpg
HXRYPG Caprihose Damen Leicht Jogginghose Musselin Hose Weites Bein Sporthose Kurz Sommerhose Schlupfhose Frau Yogahose Sport Fitness Trainingshose Teenager Mädchen Streetwear Freizeithose,15,97 €,https://m.media-amazon.com/images/I/61hyoMtNuQL._AC_UL320_.jpg
HXRYPG Caprihose Damen Sommer Leinenhose 3/4 Hose Leicht Jogginghose Atmungsaktiv Leinen Schlupfhose Sport Freizeithose Teenager Mädchen Stoffhose Causal Yogahose Streetwear Trainingshose,14,97 €,https://m.media-amazon.com/images/I/61YnGoeymuL._AC_UL320_.jpg
HXRYPG Caprihose Damen Sporthose Knielang 3/4 Hose mit Kordelzug Jogginghose Lässig Sport Schlupfhose Teenager Mädchen Freizeithose Baumwolle Cargohose Einfarbig Stoffhose Bequeme Kleidung Pants,14,97 €,https://m.media-amazon.com/images/I/51RqKk9rPIL._AC_UL320_.jpg
KOG Hemd Herren Sommer Freizeithemden Männer Hemd Einfarbig Oberteile Leicht Baumwolle T-Shirts Jungen Wandershirt Retro Strand Hemden Slim Fit Arbeitsshirt Einfarbige Oversized T-Shirt Sportshirt,11,92 €,https://m.media-amazon.com/images/I/71cNWVSajCL._AC_UL320_.jpg
HXRYPG Jogginghose Damen 3/4 Hose Weite Haremshose Caprihose Sommerhose Frau Yogahose Sporthose Teenager Mädchen Schlupfhose Yoga Fitness Trainingshose Wanderhose Streetwear Freizeithose,15,49 €,https://m.media-amazon.com/images/I/61LBGUYbdzL._AC_UL320_.jpg
Damen Leinenhose Sommer Baumwolle Leinen Caprihose Jogginghose Musselin Hose 3/4 Freizeithose Leicht Sporthose Weite Schlupfhose Teenager Mädchen Causal Sommerhose Dreiviertel Strandhose Pants,14,97 €,https://m.media-amazon.com/images/I/61j97e6w+XL._AC_UL320_.jpg
HXRYPG Jogginghose Damen 3/4 Hose Weite Caprihose Sommerhose mit Taschen Frau Yogahose Sporthose Teenager Mädchen Schlupfhose Yoga Fitness Causal Trainingshose Wanderhose Y2K Streetwear Freizeithose,14,49 €,https://m.media-amazon.com/images/I/51gNiIzDNPL._AC_UL320_.jpg
SPARES2GO Bodenbürsten-Werkzeug, kompatibel mit AmazonBasics VCB43B1-70EUK Staubsauger,26,99 €,https://m.media-amazon.com/images/I/61jzvDkwrmL._AC_UL320_.jpg
Ersatz Wasser-Filter ersetzt Golden IcePure GP-RWF1100A AquaCrest AQF-DA29-00003G AmazonBasics AMZN-DA29-00003G EcoAqua EFF-6011A,16,90 €,https://m.media-amazon.com/images/I/51SfGDmmWAL._AC_UL320_.jpg
Trade-Shop 12x Wasser-Filter Ersatz für AquaCrest AQK-07, Anna Duomax, Bosch Tassimo, AmazonBasics, UVM. für Wasserfilter-Kannen,67,90 €,https://m.media-amazon.com/images/I/51lFfImldLL._AC_UL320_.jpg
KOG Hawaii Hemd Männer Hemden Herren Bekleidung Mode Motiv Hemd Loose Fit Baumwolle Kleidung Kleiderhemd Fashion Shirt Jungen Oversized Sweatshirt Grafik Drucken Slim Fit Herrenhemd Baumwolle Shirts,12,96 €,https://m.media-amazon.com/images/I/71v8qdoLsAL._AC_UL320_.jpg
caseroxx Ladegerät für AmazonBasics Bluetooth Lautsprecher klein – kompaktes 1-teiliges Ersatzladegerät für Büro, Urlaub & unterwegs,11,99 €,https://m.media-amazon.com/images/I/61FWW0rV2IL._AC_UL320_.jpg
KOG Hemd Herren Sommer Sporthemd Männer Streetwear Einfarbige Freizeitshirt Fashion Baumwolle Hemden Teenager Kleiderhemd Basic Strand Hemden 2025 T-Shirts Einfarbig Slim Fit Sommerhemd Laufshirt,18,49 €,https://m.media-amazon.com/images/I/61VM70zfkJL._AC_UL320_.jpg
avmzvo Batterien AA, LR6 Batterien 1,5V Alkaline, 12 Stück, langlebige Power, Leistungsstark, Kann für Spielzeug, Wecker und andere elektronische Geräte verwendet Werden【10 Jahre Garantie】,5,60 €,https://m.media-amazon.com/images/I/71passbSHZL._AC_UL320_.jpg
Amazon Basics Bodenstaubsauger ohne Beutel 1,7L Kompakt Leichtgewicht mit 3-Fach-Aktionsdüse, HEPA-Filter + 2 Extra-Filter, 850W, für Teppich und Hartböden, Schwarz & Blau,89,63 €,https://m.media-amazon.com/images/I/31J-XW2EGwL._AC_UL320_.jpg
Leinenhose Damen Hose 3/4 Caprihose Baumwolle Leinen Stoffhose Cargohose mit Taschen Hosen Kurz Freizeithose Teenager Mädchen Schlupfhose Causal Jogginghose Leicht Chinohose,14,97 €,https://m.media-amazon.com/images/I/51D8QuWWIiL._AC_UL320_.jpg
Kanwod KTOTC-1054 Werkzeugkoffer gefüllt 1000 tlg. | Werkzeug Trolley Set für Heimwerker und Handwerks-Meister | für Werkstatt und Haushalt | inkl. Schraubenschlüssel, Hammer und anderes,89,99 €,https://m.media-amazon.com/images/I/91BqZrHlyQL._AC_UL320_.jpg
Gorenje DHNE83 Trockner/Kondensation mit Wärmepumpe / 8KG / 15 Programme/TwinAir/Feuchtesensor/Zeitverzögerung/Lieblingsprogramme/LED Display/EEK: A+++,409,05 €,https://m.media-amazon.com/images/I/71wSuCrpRtL._AC_UL320_.jpg
Rimbaly Messerschärfer 4 in1 & Scherenschleifer - Profi Messerschleifer mit Schnittschutzhandschuh - Ergonomischer Griff - Rutschfeste Unterseite - Messer schärfen leicht gemacht,13,99 €,https://m.media-amazon.com/images/I/81ZqR0CiLSL._AC_UL320_.jpg
Wisboey 100 Stück Bambus-Stifte, Großpackung, Bambusstifte, Gravur, Kugelschreiber, Geschenkstift, Großpackung, Hohe Qualität,34,23 €,https://m.media-amazon.com/images/I/61Fl6k0KsyL._AC_UL320_.jpg
SPARES2GO Bodenbürsten-Werkzeug, kompatibel mit AmazonBasics VCB43B1-70EUK Staubsauger,26,99 €,https://m.media-amazon.com/images/I/61jzvDkwrmL._AC_UL320_.jpg
Ersatz Wasser-Filter ersetzt Golden IcePure GP-RWF1100A AquaCrest AQF-DA29-00003G AmazonBasics AMZN-DA29-00003G EcoAqua EFF-6011A,16,90 €,https://m.media-amazon.com/images/I/51SfGDmmWAL._AC_UL320_.jpg
Trade-Shop 12x Wasser-Filter Ersatz für AquaCrest AQK-07, Anna Duomax, Bosch Tassimo, AmazonBasics, UVM. für Wasserfilter-Kannen,67,90 €,https://m.media-amazon.com/images/I/51lFfImldLL._AC_UL320_.jpg
KOG Hawaii Hemd Männer Strand Hemden Herren Freizeithemden Tie-Dye Muster Kurzarmhemd 2025 Baumwolle Shirt Teenager Hemd Leicht Hemden Junge Tops Mode Motiv Lose Freizeitshirt Baumwolle Oberteil,12,96 €,https://m.media-amazon.com/images/I/61e5q4MhIGL._AC_UL320_.jpg
caseroxx Ladegerät für AmazonBasics Bluetooth Lautsprecher klein – kompaktes 1-teiliges Ersatzladegerät für Büro, Urlaub & unterwegs,11,99 €,https://m.media-amazon.com/images/I/61FWW0rV2IL._AC_UL320_.jpg
KOG Hawaii Hemd Männer Freizeithemd Herren Oberteile Grafik Drucken Laufshirt Loose Fit Baumwolle Herrenhemd Teenager Sweatshirt Lässig Kurzarmhemd Jungen Basic Hemd Oversize Shirt Baumwolle Shirts,14,91 €,https://m.media-amazon.com/images/I/711XVrScuuL._AC_UL320_.jpg
QINCAO Boxershorts Herren 6er Pack Ohne Kratzenden Zettel Männer Unterhosen Unterwäsche Boxer Baumwolle(Gr. S - 4XL),16,99 €,https://m.media-amazon.com/images/I/61jbIXEw7vL._AC_UL320_.jpg
BEIBYE Zwillingsrollen 2066 Hartschale Trolley Koffer Reisekoffer Gepäck M-L-XL-Set (Schwarz, M),39,90 €,https://m.media-amazon.com/images/I/91jF9VAWH2L._AC_UL320_.jpg
HAVVIS Unterhosen Damen Stretch Baumwolle Hohe Taille Slips Weich Atmungsaktiv Bequeme Unterwäsche Mehrpack,29,72 €,https://m.media-amazon.com/images/I/71wzgJHoeLL._AC_UL320_.jpg
BEDSURE Decke Sofa Kuscheldecke Grau - warm Sherpa Sofaüberwurf Decke, Dicke Sofadecke Couchdecke, 150x200 cm XL Flauschige Wohndecke für Couch,20,58 €,https://m.media-amazon.com/images/I/81-x+F2EsHL._AC_UL320_.jpg
avmzvo Batterien AA, LR6 Batterien 1,5V Alkaline, 12 Stück, langlebige Power, Leistungsstark, Kann für Spielzeug, Wecker und andere elektronische Geräte verwendet Werden【10 Jahre Garantie】,5,60 €,https://m.media-amazon.com/images/I/71passbSHZL._AC_UL320_.jpg
Amazon Basics Bodenstaubsauger ohne Beutel 1,7L Kompakt Leichtgewicht mit 3-Fach-Aktionsdüse, HEPA-Filter + 2 Extra-Filter, 850W, für Teppich und Hartböden, Schwarz & Blau,89,63 €,https://m.media-amazon.com/images/I/31J-XW2EGwL._AC_UL320_.jpg
Leinenhose Damen Hose 3/4 Caprihose Baumwolle Leinen Stoffhose Cargohose mit Taschen Hosen Kurz Freizeithose Teenager Mädchen Schlupfhose Causal Jogginghose Leicht Chinohose,14,97 €,https://m.media-amazon.com/images/I/51D8QuWWIiL._AC_UL320_.jpg
Leinenhose Damen Baumwolle Leinen Caprihose Sommer Jogginghose Musselin Hose 3/4 Freizeithose Leicht Sporthose Weite Schlupfhose Teenager Mädchen Causal Sommerhose Dreiviertel Strandhose Pants,14,49 €,https://m.media-amazon.com/images/I/61j7Xt5q29L._AC_UL320_.jpg
Clinotest Premium Bettlaken ohne Gummizug aus 100% Baumwolle 160x280 cm – Kochfestes Betttuch in Hotelqualität, nutzbar als Tischdecke, Fotohintergrund, Abdeckung & Decke - für Pflegeeinrichtungen,17,99 €,https://m.media-amazon.com/images/I/61FTNdA1UYL._AC_UL320_.jpg
3i P10 Ultra Saugroboter mit Wischfunktion & Absaugstation, 18000 Pa Saugkraft, Ausziehbarer Wischmopp für Edge, Auto Waschen & Trocknen, Selbstentleerend & Selbstauffüllend, Hebarem Wischmopp,699,99 €,https://m.media-amazon.com/images/I/61udFrZDhqL._AC_UL320_.jpg
SCHLAFWOHL SILVER® Spannbettlaken • Viele Farben & Größen • 100% Baumwolle Spannbetttuch • Oeko-Tex Zertifiziert • Bettlaken Baumwolle mit 30cm Steg • Spannleintuch • Bettbezug,19,95 €,https://m.media-amazon.com/images/I/31EgKybOo2L._AC_UL320_.jpg
Lan Kabel Netzwerkkabel Cat 8, Ethernet Kabel 1m 2m 3m 5meter 10meter 15meter 20meter 30meter, 40Gbps 2000MHz Gigabit S/FTP Patchkabel mit rj45 Stecker für Ps5, Laptop, Schneller als Cat 7 (0,5 m),2,98 €,https://m.media-amazon.com/images/I/61uzhE1S9UL._AC_UL320_.jpg
Sommer Zweiteiler Damen Musselin Bluse und Shorts Elegant Outfits Leinen Hemd Hausanzug Baumwolle Loungewear Set Frauen Langarm Freizeitanzug Y2K Kleidung Teenager Mädchen Hosenanzug Sportanzug,26,49 €,https://m.media-amazon.com/images/I/71FQEwMHopL._AC_UL320_.jpg
PakTrade 4 Staubsaugerbeutel + Deo-Perlen kompatibel mit AmazonBasics 12M; Bob Home 2567 | kompatibel mit Swirl Y101 - Y 101 | 4 Beutel, Lufterfrischer, Zubehör, Ersatzteile,17,95 €,https://m.media-amazon.com/images/I/81w5fevFArL._AC_UL320_.jpg
KOG Hemd Herren Sommer Herrenhemd Männer Sporthemd Einfarbig Oberteile Baumwolle Tee T-Shirt Freizeithemd Mode Streetwear Teenager Basic Arbeitsshirt Einfarbige Oversized Strand Hemd Unterhemd,12,99 €,https://m.media-amazon.com/images/I/61zOnXjZRvL._AC_UL320_.jpg
HXRYPG 3/4 Hosen Damen Sporthose Knielang Wanderhose mit Kordelzug Freizeithose Schlanke Bauchkontrolle Cargohose Casual Einfarbig Leinenhose Leggings Kleidung Haremshose Reisen Stoffhose,13,97 €,https://m.media-amazon.com/images/I/61qyT186K-L._AC_UL320_.jpg
Wicked Chili Auto Halterung mit Kugelgelenk für Apple iPhone XS / X / 8 / 7 / 6 / SE / 5 Apple KFZ Handy Autohalterung Smartphone Scheibe (Made in Germany, Hülle & Case friendly) AmazonBasics - Lightning-auf-USB-A-Kabel, Premium-Kollektion, 1,8 m, 1er-Pack - Schwarz,27,60 €,https://m.media-amazon.com/images/I/51+LpjvqaNL._AC_UL320_.jpg
KOG Hemd Herren Sommer Hemd Männer Strand Hemden Einfarbig Streetwear Loose Fit Baumwolle Sporthemd Teenager Freizeithemden Sportshirt Bequemes Oberteile Einfarbige Oversized Sommerhemd T-Shirt,16,99 €,https://m.media-amazon.com/images/I/61b4B6q-mrL._AC_UL320_.jpg
Navaris Klappbare Sackkarre mit Transport Korb - belastbar bis 50kg - Gummiräder - Transportkarre klappbar mit Spanngurt - Transportwagen mit Regenabdeckung,Null,https://m.media-amazon.com/images/I/71MQGpl-TFL._AC_UL320_.jpg
KOG Hawaii Hemd Männer Sommerhemd Herren Strand Hemd Tie-Dye Muster Tee Sommer Baumwolle T-Shirt Junge Shirt Arbeitsshirt Teenager Lässig Freizeithemd Grafik Drucken Basic Oberteile Baumwolle Shirts,15,93 €,https://m.media-amazon.com/images/I/71V7vKX9oZL._AC_UL320_.jpg
