Erste Hilfe Koffer nach neuer DIN 13157:2021 | Gefüllt, inkl. Wandhalterung, 5x Aufkleber, Prüfsticker & 3x Plomben | Erste Hilfe Kasten/Verbandkasten für Betriebe, Unternehmen, Büro & Zuhause,38,95 €,https://m.media-amazon.com/images/I/81gXZ4cwM7L._AC_UL320_.jpg
Panasonic, AA batterien, 20 Stück, Mignon, LR6, Alkaline, 1.5V, Auslaufschutz, 7 Jahre bei Lagerung, am besten für Fernbedienungen, Waagen, Uhren, langlebige, verlässliche Energie,13,17 €,https://m.media-amazon.com/images/I/81FfJIuKcZL._AC_UL320_.jpg
Varta Batterien 9V Blockbatterien, 20 Stück, Power on Demand, Alkaline, Vorratspack, smart, flexibel, leistungsstark, geeignet für Rauchmelder, Brand- & Feuermelder,29,99 €,https://m.media-amazon.com/images/I/71He4XiW9tL._AC_UL320_.jpg
Granicell AA Wiederaufladbare Batterien 2800 mAh Hohe Kapazität 1500 Zyklen, 1.2V NiMH Low Self Discharge AA Batterie, 8er Pack,12,99 €,https://m.media-amazon.com/images/I/61qFtg9oA2L._AC_UL320_.jpg
Amazon Basics AA-Alkali-Hochleistungsbatterien, 1,5 V, 10 Jahre lagerfähig, 48 Stück,13,37 €,https://m.media-amazon.com/images/I/81rzA8nS6FL._AC_UL320_.jpg
Amazon Basics Ergonomische kabellose USB Maus - DPI einstellbar - Schwarz,13,49 €,https://m.media-amazon.com/images/I/61zntkiLcuL._AC_UL320_.jpg
Amazon Basics Wasserfilterkartuschen, 6 stück, 1er-Pack, passend für alle BRITA Systeme inkl. PerfectFit & Amazon Basics Systeme,22,39 €,https://m.media-amazon.com/images/I/7165McmNk0L._AC_UL320_.jpg
Amazon Basics Alkali-Batterien vom Typ D (Monozellen), 1,5 V, 5 Jahre lagerfähig, 12 Stück,14,74 €,https://m.media-amazon.com/images/I/71-rF3-IXQL._AC_UL320_.jpg
Amazon Basics Zylinder-Staubsauger, leistungsstark, kompakt und leicht, ohne Beutel, für Hart- und Teppichböden, HEPA-Filter, 700 W, 1,5 l, EU, Schwarz/Blau,64,99 €,https://m.media-amazon.com/images/I/61bipiXt9jL._AC_UL320_.jpg
Amazon Basics AA-NiMH-Akkus mit hoher Kapazität, wiederaufladbar, 2400 mAh, bis zu 400-mal aufladbar, vorgeladen, 12 Stück,17,24 €,https://m.media-amazon.com/images/I/715i0StnSlS._AC_UL320_.jpg
Bonsenkitchen Vakuumierbeutel 15x25cm, 100 Beutel Profi-Folienbeutel für alle Vakuumiergerät, vakuumbeutel für lebensmittel, Sous Vide Gefrierbeutel, Einschweissbeutel, BPA-frei,9,99 €,https://m.media-amazon.com/images/I/61VH1ilaNWL._AC_UL320_.jpg
GOLDEN ICEPURE Wasserfilter Kompatibel mit Brita Maxtra+, Maxtra Plus,Mavea,Anna Duomax,6 Stück,20,99 €,https://m.media-amazon.com/images/I/6149g161QuL._AC_UL320_.jpg
Ultenic U16 Flex Akku Staubsauger Kabellos 550W/50000pa, 60 Min Laufzeit Akkustaubsauger mit Touchscreen und Faltrohr, Wandmontierte Ladestation Grün Licht, Anti Tangle für Hartböden Teppich Tierhaare,179,99 €,https://m.media-amazon.com/images/I/71RTjfXqTsL._AC_UL320_.jpg
Filterpatronen Set passend zu Jura Claris Smart+ 2 Packungen mit je 3 Patronen, mit 6 Reinigungstabletten, Original,109,99 €,https://m.media-amazon.com/images/I/81mvigLXiCL._AC_UL320_.jpg
Amazon Basics Mikrofaser - Reinigungstuch, 30 x 41 cm, 24 Stück, 40.5 cm x 30.5 cm, Mehrfarbig,17,76 €,https://m.media-amazon.com/images/I/91WjG1lqmLL._AC_UL320_.jpg
Amazon Basics Werkzeug-Set für den Haushalt, Stahllegierung, 32 Teile, Schwarz / Grau,21,99 €,https://m.media-amazon.com/images/I/614PYoNkfiL._AC_UL320_.jpg
Amazon Basics Auslaufsichere Glasbehälter mit Verschlussdeckeln zur Lebensmittelaufbewahrung, 14-teiliges Set, 7 Behälter und 7 Kunststoffdeckel, Transparent, Blau, BPA-frei,24,50 €,https://m.media-amazon.com/images/I/81SYWl+N1qL._AC_UL320_.jpg
Amazon Basics Permanentmarker, Schwarz, 12er-Pack,8,01 €,https://m.media-amazon.com/images/I/711JO7MxRwL._AC_UL320_.jpg
ALCLEAR Ultra-Microfaser Fenstertuch Scheibentuch 5er Set 60x45 cm weiß,51,55 €,https://m.media-amazon.com/images/I/51X4bfHHkxL._AC_UL320_.jpg
10x rs-products I Staubsaugerbeutel für AmazonBasics Bodenstaubsauger mit Beutel, 1,5L, Model No. VCB35B15C-1J7W-70, ASIN B07C3N686Y (10x DA 6),10,90 €,https://m.media-amazon.com/images/I/713qJ4UgulL._AC_UL320_.jpg
NIGRIN Scheiben-Reinigungstücher Für die Innen- und Außenreinigung, Reinigt Streifen- und schlierenfrei, Immer frische und feuchte Reinigungstücher, Weiß, 30 Tücher,7,99 €,https://m.media-amazon.com/images/I/61hTXYFDzaL._AC_UL320_.jpg
NIGRIN Leder-Pflegetücher, Reinigung, Schutz und Pflege des Fahrzeug-Innenraums, für alle Lederoberflächen, mit Bienenwachs, farbauffrischend, reißfest, im praktischen Frischepack, 30x,7,99 €,https://m.media-amazon.com/images/I/61mLVNziOyL._AC_UL320_.jpg
Amazon Basics 128 GB USB 3.1 Flash-Laufwerk, lesegeschwindigkeit von bis zu 130 Mbit/s, Schwarz,11,97 €,https://m.media-amazon.com/images/I/71RhxfozxvL._AC_UL320_.jpg
Amazon Basics AA-NiMH-Akkus, wiederaufladbar, 2000 mAh, bis zu 1000-mal aufladbar, vorgeladen, 4 Stück,6,64 €,https://m.media-amazon.com/images/I/61Iarkew5GL._AC_UL320_.jpg
Amazon Basics Rechteckig Brotbackform, 2er-Pack, antihaftbeschichtet, Karbonstahl, Grau, 27x15x7 cm,11,99 €,https://m.media-amazon.com/images/I/81syrUvsd3L._AC_UL320_.jpg
Amazon Basics 3D-Drucker-Filament aus PLA-Kunststoff, 1.75 mm, Schwarz, 1 Spool,14,99 €,https://m.media-amazon.com/images/I/81lPX2DUlBL._AC_UL320_.jpg
AmazonBasics G51-Staubsaugerbeutel mit Geruchskontrolle für Amazon Basics 1,5 l; AEG: Berry, Original, und Smart; Dirt Devil: EQU Silence, Fantasy, Popster, Galileo und weitere (Packung mit 4 Stück),12,16 €,https://m.media-amazon.com/images/I/615RoEgqO-S._AC_UL320_.jpg
Amazon Basics Vakuumbeutel für Kleidung mit Luftdichtem Ventil und Handpumpe - 2 x X-Jumbo, 5 x Jumbo, 4 x Groß, 4 x Mittelgroß, 15er-Pack, 15 stück, 1er-Pack, Reißverschluss, Transparent,23,99 €,https://m.media-amazon.com/images/I/91MSg-pX9GL._AC_UL320_.jpg
Amazon Basics USB-C-auf-USB-C Schnellladekabel, 480 Mbit/s Geschwindigkeit, USB-IF-Zertifiziert, zum Schnellladen von Apple iPhone 16/15, iPad, MacBook, Samsung Galaxy, Tablets, Laptops, 1.8 m, Weiß,6,24 €,https://m.media-amazon.com/images/I/61c0UMl3MPL._AC_UL320_.jpg
Amazon Basics Verstellbarer ergonomischer Laptopständer mit Wärmeabzug, stufenlose Höhen- und Winkelverstellung, ideal für einen Laptop bis 43,9 cm (17,3 Zoll), 27.9 x 23 x 5.6 cm, Silber,22,34 €,https://m.media-amazon.com/images/I/51yH+B2IopL._AC_UL320_.jpg
Amazon Basics 6 Stück, Einhandzwinge, 2 Stück 10,16 cm, 4 Stück 15,24 cm, Schwarz Grau,20,30 €,https://m.media-amazon.com/images/I/81J8U-bgG4L._AC_UL320_.jpg
Amazon Basics Notizbuch, klassisches Design, Größe, liniert, Schwarz,5,25 €,https://m.media-amazon.com/images/I/81+Zb-xFWpL._AC_UL320_.jpg
Mutital 6 Stück Wasserfilter für Siemens® EQ Series, EQ3/EQ6/EQ9, EQ500, S700, 3200 Wasserfilter Kaffeevollautomat für Bosch® TCZ7003, TCZ7033, für Brita® Intenza 57549 (6),19,98 €,https://m.media-amazon.com/images/I/41247Yn219L._AC_UL320_.jpg
Amazon Basics Dokumentenmappe A4, Fächermappe, Schwarz,9,59 €,https://m.media-amazon.com/images/I/61Bc-g1k1zL._AC_UL320_.jpg
Amazon Basics Packwürfel Set für Koffer, Reise Organizer, Reißverschluss, 4 Teilig, Groß, Mittelgroß, Klein, Schmal, Schwarz,20,99 €,https://m.media-amazon.com/images/I/816pmOc6JQL._AC_UL320_.jpg
Amazon Basics Einziehbarer Kugelschreiber - 12 Stück, Schwarz,7,84 €,https://m.media-amazon.com/images/I/81y314kpUsL._AC_UL320_.jpg
Amazon Basics Stereo-2.0-Lautsprecher für PC oder Laptop, 3,5-mm-AUX-Eingang, USB-Stromversorgung, 1 Paire, Schwarz,23,58 €,https://m.media-amazon.com/images/I/71DVfwSDN-L._AC_UL320_.jpg
Amazon Basics Stretch-Schonbezug für Esszimmerstühle, 6 Stück, Schwarz, einfarbig,22,94 €,https://m.media-amazon.com/images/I/6161W1VMcWL._AC_UL320_.jpg
Amazon Basics – 6 Stück Handtuch-Set für Badezimmer, lichtbeständig, 100 % Baumwolle, weich und saugfähig, 2 Badetücher und 4 Händehandtuch, Schwarz,28,81 €,https://m.media-amazon.com/images/I/71ZYptZUhML._AC_UL320_.jpg
Amazon Basics Multifunktions-Küchenschere, aus Edelstahl, Schwarz,6,49 €,https://m.media-amazon.com/images/I/515fzGClckL._AC_UL320_.jpg
Amazon Basics Robustes Universalmesser mit Aluminiumgehäuse, Rot,8,99 €,https://m.media-amazon.com/images/I/61EK10Pe0kL._AC_UL320_.jpg
Amazon Basics Safe, klein, schlank, für Schreibtischschublade, mit programmierbarem Elektronisches Kombinationsschloss, schwarz, 30 cm B x 21.8 cm T x 11.2 cm H,44,99 €,https://m.media-amazon.com/images/I/91LCVRQXgML._AC_UL320_.jpg
Amazon Basics Neopren Hanteln Gewichte (2er-Sets, 1kg - 5kg Hanteln),22,09 €,https://m.media-amazon.com/images/I/81k-Imp+wzL._AC_UL320_.jpg
Amazon Basics Mehrzweck-Küchenschneider/-schaber, Edelstahl, 15 cm, Schwarz, Silberfarben,7,64 €,https://m.media-amazon.com/images/I/81nA+D6C2OL._AC_UL320_.jpg
Amazon Basics Rechteckig Backmatte, Silikon, 2 Stück, 41.91 L x 29.54 cm, Beige/Grau,15,99 €,https://m.media-amazon.com/images/I/81IC5+bWDgL._AC_UL320_.jpg
Amazon Basics Geschirrservice, 18-teilig, für 6 Personen, Weiß,42,65 €,https://m.media-amazon.com/images/I/61zDJSyz9FL._AC_UL320_.jpg
Amazon Basics Bratpfanne, 28 cm, Schwarz,34,48 €,https://m.media-amazon.com/images/I/71j85Xl0KVL._AC_UL320_.jpg
Amazon Basics Hosen- und Rockbügel aus Metall, mit Clips, 20er-Pack, Chromfarben,16,19 €,https://m.media-amazon.com/images/I/61YPwIJWQvL._AC_UL320_.jpg
Amazon Basics Digitale Küchenwaage mit LCD-Anzeige (mit Batterien), Edelstahl, BPA-frei, Wiegt bis zu 11 Pfund, Schwarz,9,99 €,https://m.media-amazon.com/images/I/815FWesbK3L._AC_UL320_.jpg
Amazon Basics Hosenbügel, einfaches Aufhängen, 10er-Pack, Verchromt,12,35 €,https://m.media-amazon.com/images/I/71G-sRw6juL._AC_UL320_.jpg
Amazon Basics Flaschentasche, 12 Fächer, 0.75 l Flaschen, Schwarz, Einfarbig,10,42 €,https://m.media-amazon.com/images/I/91kBRCyvNML._AC_UL320_.jpg
Amazon Basics Messer-Set, bunt, 12-teilig,17,09 €,https://m.media-amazon.com/images/I/71iB-QmRWEL._AC_UL320_.jpg
Amazon Basics Leichtes Stativ mit Tasche,127 cm, Champagner,12,99 €,https://m.media-amazon.com/images/I/61jIOTGqhLL._AC_UL320_.jpg
Amazon Basics Achteckig Automatikschirm für Reisen, Schwarz, klein,14,71 €,https://m.media-amazon.com/images/I/51nVWkm6esL._AC_UL320_.jpg
Amazon Basics Schubladen-Organizer/Ordnungssystem für Kleidung - Faltbar für Garderobe Schlafzimmer oder Küche, 6 Stück, Grau,12,74 €,https://m.media-amazon.com/images/I/91ShQ0Wd1jL._AC_UL320_.jpg
Amazon Basics Hartschalen - Koffer - 55 cm Handgepäckkoffer, Schwarz,58,31 €,https://m.media-amazon.com/images/I/71s7HbyqzEL._AC_UL320_.jpg
Amazon Basics Spannbettlaken, 200 x 200 x 30 cm, Mikrofaser, Spannbetttuch - Matratzenhöhe bis 30 cm, Dunkelgrau,11,21 €,https://m.media-amazon.com/images/I/71lbo2944dL._AC_UL320_.jpg
PAUDIN Kochmesser, Klingenlänge 20 cm Profi Küchenmesser Messer Chefmesser Allzweckmesser aus hochwertigem Carbon Edelstahl, Extra Scharfe Messerklinge mit ergonomischem Griff,24,75 €,https://m.media-amazon.com/images/I/71gq-JFyGEL._AC_UL320_.jpg
20 Staubsaugerbeutel geeignet für AmazonBasics 12M 3.0 L,14,98 €,https://m.media-amazon.com/images/I/71hrbrbsdYL._AC_UL320_.jpg
Amazon Basics Schlüsselkasten für 24 Schlüssel, abschließbarer Kasten, Rechteckig, 6.1 x 21.6 x 31.8 cm, Silber,17,99 €,https://m.media-amazon.com/images/I/61Nt-y8ICuL._AC_UL320_.jpg
20 Staubsaugerbeutel kompatibel mit AmazonBasics Staubsauger 3l komp., Amazon Basics W11, Swirl Y101, Menalux 4000, VCB43B1-70EU4,13,79 €,https://m.media-amazon.com/images/I/71kkMxXvBoL._AC_UL320_.jpg
Waterdrop Filterkartuschen, Ersatz für Brita® Maxtra+® Plus, Maxtra Pro® All-in-1 Wasserfilter, Kompatibel mit Brita® Marella® Kanne, Reduziert PFAS, PFOA/PFOS, TÜV SÜD, NSF Zertifiziert (12),36,99 €,https://m.media-amazon.com/images/I/61sEmW1OYEL._AC_UL320_.jpg
j5create USB-C 4K Speakerphone Dock, All-in-one Audio Dock für Videokonferenzen/4K HDMI/USB-A x 2/USB-C/Gigabit ethernet/Pass-Through Charging - Funktioniert mit Teams/Zoom und Google Meet (JCDS335),149,99 €,https://m.media-amazon.com/images/I/61qT3LHxi+L._AC_UL320_.jpg
WALTER Industriestaubsauger 3-in-1 mit Wasserfilter, 1600 W, 230 V, Nass- & Trockensauger, mit Steckdose für Synchronbetrieb, Starke Saugleistung bis zu 18 KPa, inkl. umfangreichen Zubehör-Set,199,90 €,https://m.media-amazon.com/images/I/61I4g95xLPL._AC_UL320_.jpg
Clinotest Premium Bettlaken ohne Gummizug aus 100% Baumwolle 100x200 cm – Kochfestes Betttuch in Hotelqualität, nutzbar als Tischdecke, Fotohintergrund, Abdeckung & Decke - für Pflegeeinrichtungen,8,99 €,https://m.media-amazon.com/images/I/61FTNdA1UYL._AC_UL320_.jpg
Amazon Basics Essbesteck-Set mit Abgerundeter Rand, Edelstahl, 20-teiliges Set, für 4 Personen, Silber,21,63 €,https://m.media-amazon.com/images/I/71eyTor27RL._AC_UL320_.jpg
Amazon Basics Anzug-Kleiderbügel, beflockt, mit Krawattenbügel, Hellgrau, 50er-Pack,17,42 €,https://m.media-amazon.com/images/I/81I1r5ZdpTL._AC_UL320_.jpg
Amazon Basics Messerschärfstein-Set, 3 stück, doppelseitig, Körnung 400/1000 und 3000/8000, Abflachungsstein mit rutschfester Bambusunterseite, mehrfarbig, 22.5 x 15.2 x 7.3 cm,27,75 €,https://m.media-amazon.com/images/I/81tg-RnoANL._AC_UL320_.jpg
Amazon Basics Ratschenschlüssel magnetisch und PräzisionsSchraubendreher für Elektronik, 73 stück, 1er-Pack, Schwarz/Silber/Rot,14,57 €,https://m.media-amazon.com/images/I/818g6IinzBL._AC_UL320_.jpg
Amazon Basics Halbkreisförmig Nackenkissen aus Memoryschaumstoff, Schwarz,12,58 €,https://m.media-amazon.com/images/I/71awpLVVHuL._AC_UL320_.jpg
Amazon Basics AAA-Alkali-Batterien, 1,5 V, 5 Jahre lagerfähig, 40 Stück,10,05 €,https://m.media-amazon.com/images/I/71VnvbcLrAL._AC_UL320_.jpg
CITYORK USB-C Baby C Wiederaufladbar Batterien, 4 Stück 1.5V 5500mWh C Zelle Aufladbare C Akku mit Typ-C 4 in 1 Kabel,29,44 €,https://m.media-amazon.com/images/I/71IAHMfFFCL._AC_UL320_.jpg
MichaelPro MP002028 Ultra Low Profile Offset Screwdriver Set Slim Profile Angle Screwdriver Phillips Slot Pozi,15,95 €,https://m.media-amazon.com/images/I/51IGE9Og+zL._AC_UL320_.jpg
Bonmedico Professional Ellenbogen Bandage Kusano für Damen & Herren – Ellbogen Bandage für Links/Rechts - Stützt Gelenk und Muskeln - Wellness Weihnachtsgeschenke - 1 Stück, Grau, L,9,39 €,https://m.media-amazon.com/images/I/81DSJYz-n8L._AC_UL320_.jpg
BEVIGOR 12 Stück 1000mAh 1.2V wiederaufladbare Solar-Batterien, leistungsstarke AA NI-MH-Akkus, geeignet für Außen-Solarleuchten, Lichterketten,11,99 €,https://m.media-amazon.com/images/I/71VpVk9uVWL._AC_UL320_.jpg
Amazon Basics 23A-12V-Batterien, langanhaltende Leistung, 4 Stück,3,99 €,https://m.media-amazon.com/images/I/71u1U0SA7NL._AC_UL320_.jpg
Amazon Basics TV-Halterung/Wandhalterung, schwenkbar, neigbar, für 66 - 140 cm Curved und Flach-TV oder Monitor bis 36 kg, max. VESA 400 x 400 mm, Schwarz,19,99 €,https://m.media-amazon.com/images/I/61v6-Rq124L._AC_UL320_.jpg
Amazon Basics kompakte Laptoptasche, Umhängetasche/Tragetasche mit Taschen zur Aufbewahrung von Zubehör, für Laptops bis zu 15,6 Zoll (39,6 cm), Schwarz, 1 Stück,14,50 €,https://m.media-amazon.com/images/I/71wWjW7zTLL._AC_UL320_.jpg
Amazon Basics Wok-Pfanne, 28 cm, Schwarz,33,98 €,https://m.media-amazon.com/images/I/71C9YHU5pLL._AC_UL320_.jpg
Flixxe X3 Premium 2-in-1 Nass-Trockensauger – Kabellos, 200W Leistung, 40 Min Laufzeit, LED-Display, Selbstreinigung, X-Sense Technologie, Hygienische Reinigung, Beidseitige Kantenreinigung (grau),299,00 €,https://m.media-amazon.com/images/I/71tDa89tL5L._AC_UL320_.jpg
Gucass Mikrofasertücher Rolle 35 Stück x 2, Wiederverwendbare Putzlappen, Microfasertücher auf Rolle, Abreißbare Putztücher für Haus und Küche, Abreißbare Lappen - Rosa & Grau,21,99 €,https://m.media-amazon.com/images/I/81WP79+ZyXL._AC_UL320_.jpg
AYESY Mikrofaser-Reinigungstuch, 12 Stück Putzlappen Mikrofasertücher Hochsaugfähige Putztücher Set Multifunktionales Küchentuch Streifenfreie Wiederverwendbares Geschirrtuch Für Küche Glas (Schwarz),10,99 €,https://m.media-amazon.com/images/I/71GVsC-hxeL._AC_UL320_.jpg
3,7 Volt Wiederaufladbarer Akku，3200mAh NiMH Batterie Hohe Kapazität Batterien für LED Stirnlampe,Fernbedienung,Ferngesteuertes Auto HY (Flachpol 2PCS),15,99 €,https://m.media-amazon.com/images/I/61RCwHkgjwL._AC_UL320_.jpg
Amazon Basics Hängematte mit Gestell, Stoff, One Size, 117 cm x 300 cm x 100 cm, Mehrfarbig,105,85 €,https://m.media-amazon.com/images/I/717eHpTeb3L._AC_UL320_.jpg
Amazon Basics 1 Schubladenbox zur Aufbewahrung von Nespresso Originalline Kaffeekapseln, Kunststoff, Fassungsvermögen: 50 Kapseln, Belastbarkeit 4,5 kg, Schwarz,22,09 €,https://m.media-amazon.com/images/I/81wa+88fGWL._AC_UL320_.jpg
Amazon Basics 2-teiliges Deluxe-Mikrofaser-Bettwäsche-Set, Bettdeckenbezug 135 x 200 cm & 1 Kissenbezug 80 x 80 cm, Dunkelgrau, gestreift,13,34 €,https://m.media-amazon.com/images/I/715NGlBrruL._AC_UL320_.jpg
Amazon Basics Laptop-Rucksack mit gepolsterten Schulterriemen und Aufbewahrungsfächern für Stifte, Schlüssel, Handy, geeignet für die meisten Laptops bis zu,17-Zoll, Schwarz,37,44 €,https://m.media-amazon.com/images/I/81vfzNUAXEL._AC_UL320_.jpg
Amazon Basics Großes erweitertes Computer-Mauspad, rechteckig, 42,4 x 90,7 cm, Schwarz,13,95 €,https://m.media-amazon.com/images/I/51XGotAiYYL._AC_UL320_.jpg
SAUG-FREUnDE I 10 Staubsaugerbeutel für AmazonBasics Bodenstaubsauger mit Beutel, 1,5L, Model No. VCB35B15C-1J7W-70, ASIN B07C3N686Y,12,95 €,https://m.media-amazon.com/images/I/71Jhn4aJ6WL._AC_UL320_.jpg
Amazon Basics Belüfteter, verstellbarer, ergonomischer Laptopständer, passend für ein Notebook bis 43,9 cm (17,3 Zoll), 33 x 28.7 x 18.5 cm, Schwarz,19,54 €,https://m.media-amazon.com/images/I/81EK-Nq9nEL._AC_UL320_.jpg
Amazon Basics Vakuumierer, 30 cm Naht + 10 Vakuumierbeutel, Schwarz,35,52 €,https://m.media-amazon.com/images/I/71sbA+myzaL._AC_UL320_.jpg
Amazon Basics Kabellose Computer-Maus mit USB-Nano-Empfänger, Schwarz,9,12 €,https://m.media-amazon.com/images/I/61YQeAUIboL._AC_UL320_.jpg
Amazon Basics Camping-Isomatte, leicht, wasserdicht, mit Fußpumpe, 5,6 cm dick, Olivgrün, M,28,26 €,https://m.media-amazon.com/images/I/619n2mm80CL._AC_UL320_.jpg
Amazon Basics - Campingstuhl mit Kühlfach,29,69 €,https://m.media-amazon.com/images/I/61CjlKt+IWL._AC_UL320_.jpg
Amazon Basics Klappbarer Wäscheständer, 14.5" D x 29.5" W x 41.8" H, Weiß,22,03 €,https://m.media-amazon.com/images/I/617YNcwVOyL._AC_UL320_.jpg
Amazon Basics Rechteckig Verstellbarer Computer-Monitorständer für weniger Nackenbelastung, geeignet für Monitore und Laptops mit einem Gewicht von bis zu 22 Pfund, Schwarz,15,65 €,https://m.media-amazon.com/images/I/51e81e4tJ1L._AC_UL320_.jpg
Amazon Basics Aufbewahrungseinheit mit 5 Regalböden, höhenverstellbaren Einlegeböden und Nivellierfüßen, Maximalgewicht 680 kg, Chrom, 36 D x 91 W x 183 H cm,84,53 €,https://m.media-amazon.com/images/I/713waWOYXYL._AC_UL320_.jpg
Amazon Basics Schlagschrauber-Bit-Set, Kreuzschlitz, Schlitz und Torx, 42 Stück, 15 cm x 9.5 cm x 4.1 cm,14,99 €,https://m.media-amazon.com/images/I/81leza6EFYL._AC_UL320_.jpg
Amazon Basics Schraubendreher-Set, 58 Stück, Präzisions-Schlitze, Kreuzschlitz, Torx, Schwarz,22,81 €,https://m.media-amazon.com/images/I/9122y8CpMnL._AC_UL320_.jpg
Amazon Basics Aktenvernichter, Streifenschnitt, CD-Schredder, 7-8 Blätter, Schwarz,42,99 €,https://m.media-amazon.com/images/I/71nU5j6fH-L._AC_UL320_.jpg
Amazon Basics Esslöffel aus Edelstahl, spülmaschinenfest, mit rundem Rand, große Esslöffel, 20,1 cm, 12er-Pack, Silber,11,92 €,https://m.media-amazon.com/images/I/61Y-85Ei4-L._AC_UL320_.jpg
Amazon Basics 2 Stück, Hundefutter- und Wasserspender, Futter- und Wasserspender für Haustiere, Größe S, Klar, Grau,23,99 €,https://m.media-amazon.com/images/I/81teYZ11DYL._AC_UL320_.jpg
Amazon Basics Ausziehbarer Fensterabzieher mit 180 Grad drehbarem Kopf und Teleskopstange, 66–96,5 cm, perfekt zum Reinigen von Fenstern, Spiegeln, Grün, Silber, Schwarz Fliesen,15,99 €,https://m.media-amazon.com/images/I/61EU2NB8R8L._AC_UL320_.jpg
Amazon Basics A8 Karteikarten (7,4 cm x 5,2 cm), liniert, Weiß, 1000 Stück,8,48 €,https://m.media-amazon.com/images/I/71c3HTaUMiL._AC_UL320_.jpg
Amazon Basics USB-C-auf-USB-A 2.0 Schnellladekabel, 480 Mbit/s Geschwindigkeit, USB-IF-zertifiziert, für Apple iPhone 16/15, iPad, Samsung Galaxy, Tablets, Laptops, 0.9 m, Schwarz,5,20 €,https://m.media-amazon.com/images/I/51DlaX4-ycL._AC_UL320_.jpg
20 Staubsaugerbeutel geeignet für AmazonBasics Staubsauger, kompatibel mit Amazon Basics G51, Swirl Y05, Menalux 1840, 15C-71EU4, VCB43B1-70EU4, VCB35B15CEU4, VCB46A15F von Staubbeutel-Profi®,17,79 €,https://m.media-amazon.com/images/I/519VMbG8MKL._AC_UL320_.jpg
Amazon Basics Monitor-Halterung/Tragarm für 2 Monitore, mit einstellbarer Höhe, Bildschirmneigung und Kabelorganizer, 360-Grad-Drehung,Stahl, Schwarz, 33 bis 76 cm,43,69 €,https://m.media-amazon.com/images/I/61iCHzxR8aL._AC_UL320_.jpg
Amazon Basics Reiseaufbewahrungsbeutel zum Einrollen, 12 stück (6 kleine und 6 mittlere), Reißverschluss, Transparent,15,99 €,https://m.media-amazon.com/images/I/71aHgrHyq-L._AC_UL320_.jpg
Amazon Basics Tragbare Digitale Kofferwaage mit Haken, Tara-Funktion und Einheitenumrechnung – Präzise Gewichtsmessung bis 50 kg, Praktisch für Reisen,Einheitsgröße, Schwarz,8,99 €,https://m.media-amazon.com/images/I/713Tfe7fTkL._AC_UL320_.jpg
Amazon Basics Korrekturroller, 4,2 mm x 10 m, 10er-Packung,13,10 €,https://m.media-amazon.com/images/I/61q3KhRoCEL._AC_UL320_.jpg
AmazonBasics High-Speed HDMI Cable to HDMI Cable - 3 Feet 3-Pack,8,49 €,https://m.media-amazon.com/images/I/915Fpr8RfCL._AC_UL320_.jpg
Amazon Basics Laptop-Rucksack, für Laptops bis 15.6 in / 38.1 cm, Schwarz,13,79 €,https://m.media-amazon.com/images/I/81Gjpw-FBpL._AC_UL320_.jpg
Amazon Basics Rund, Kosmetikspiegel zur Wandmontage, Vergrößerung 1-fach/5-fach, 32.5 L x 25.4 B cm, Verchromt,21,50 €,https://m.media-amazon.com/images/I/61dbaKNt+kL._AC_UL320_.jpg
10 Staubsaugerbeutel geeignet für AmazonBasics Bodenstaubsauger mit Beutel, Amazon Basics G51, Swirl Y05, Menalux 1840, 15C-71EU4, VCB43B1-70EU4, VCB35B15CEU4 von Staubbeutel-Profi®,12,79 €,https://m.media-amazon.com/images/I/41HanUFQFmL._AC_UL320_.jpg
Amazon Basics Extra Große Reisetasche (98L), Sport- und Ausrüstungstasche mit Mehreren Reißverschlusstaschen, Leichtes und Langlebiges Nylon-Material, 23kg Gewichtskapazität, Marineblau, 82x43 x43 cm,16,99 €,https://m.media-amazon.com/images/I/71SjdG7RWeL._AC_UL320_.jpg
Amazon Basics Metallzwinge, 28 cm, 2er-Pack, Schwarz / Silberfarben,22,09 €,https://m.media-amazon.com/images/I/61vC1op9snL._AC_UL320_.jpg
Amazon Basics PräzisionsschraubendreherBitSet, 51 stück, 1er-Pack, Schwarz, Rot, Silber,10,44 €,https://m.media-amazon.com/images/I/811LCu2VTbL._AC_UL320_.jpg
McFilter I 20 Staubsaugerbeutel geeignet für Amazon Basics 15C-71EU4 und VCB35B15CEU4 I 1,5L Beutel I 5-lagig inkl. 4 Mikrofilter und 4 Motorfilter I Alternative für Original AmazonBasics G51,16,89 €,https://m.media-amazon.com/images/I/51tp7Fxj+sL._AC_UL320_.jpg
Amazon Basics Schnellladekabel, USB-C auf USB-A-2.0, mit Nylongeflecht umwickelt, 480 MBit/s, USB-IF-zertifiziert, für Apple iPhone 16/15, iPad, Samsung Galaxy, Tablets, Laptops, 1.8 m, dunkelgrau,5,13 €,https://m.media-amazon.com/images/I/614bGi1sfWL._AC_UL320_.jpg
Amazon Basics Barbesteck-Set, Edelstahl, mit Ständer aus Bambus, 10 Stück,Null,https://m.media-amazon.com/images/I/81sKI3Fl2FL._AC_UL320_.jpg
Amazon Basics Druckgelschreiber, feine Spitze, 12 Stück, Schwarz,12,59 €,https://m.media-amazon.com/images/I/71ssiU4tFaL._AC_UL320_.jpg
MAWA Kleiderbügel, Set mit 10 platzsparenden und rutschfesten Bügeln, ideal für Hemden und Blusen, mit 360°drehbarem Haken, Antirutschbeschichtung, 41 cm, Weiß,20,89 €,https://m.media-amazon.com/images/I/51ljry19lCL._AC_UL320_.jpg
HAHN Technology Wasserfilter für den Wasserhahn, inklusive Filterkartusche, Edelstahl Trinkwasserfilter mit Aktivkohle, entfernt Schadstoffe & Chlor, einfache Montage, langlebig & plastikfrei,34,95 €,https://m.media-amazon.com/images/I/51xUaXMBz3L._AC_UL320_.jpg
Akitas V10 Kabelloser Staubsauger 30V 450W Bis zu 50 Minuten Laufzeit 3 Saugstufen Hand- und Stielstaubsauger Bürstenloser Digitalmotor Wiederaufladbarer Lithium-Akku Ideal für Teppiche und Tierhaare,75,99 €,https://m.media-amazon.com/images/I/71yTTaOp08L._AC_UL320_.jpg
HAUSHOF Waschsauger mit Dampffunktion, StainZapper Vapo Teppichreiniger Polsterreiniger Gerät mit Warmwasserfunktion & Hochtemperatur-Dampffunktion, Mit Reinigungsmittel, Für Teppich, Sofa, Auto,179,99 €,https://m.media-amazon.com/images/I/71d3H8CGXgL._AC_UL320_.jpg
20 Staubsaugerbeutel geeignet für AmazonBasics Staubsauger, kompatibel mit Amazon Basics G51, Swirl Y05, Menalux 1840, 15C-71EU4, VCB43B1-70EU4, VCB35B15CEU4, VCB46A15F von Staubbeutel-Profi®,17,79 €,https://m.media-amazon.com/images/I/519VMbG8MKL._AC_UL320_.jpg
McFilter I 20 Staubsaugerbeutel geeignet für Amazon Basics 15C-71EU4 und VCB35B15CEU4 I 1,5L Beutel I 5-lagig inkl. 4 Mikrofilter und 4 Motorfilter I Alternative für Original AmazonBasics G51,16,89 €,https://m.media-amazon.com/images/I/51tp7Fxj+sL._AC_UL320_.jpg
Amazon Basics 3D-Drucker-Filament aus TPU-Kunststoff, 1.75 mm, 1 kg pro Spule, 5 Stück, Mehrfarbig,137,45 €,https://m.media-amazon.com/images/I/91TmUwoIlAL._AC_UL320_.jpg
Amazon Basics Vorgeladene Ni-MH AA-Akkus - Akkubatterien, 500Zyklen (typisch 2500mAh, minimal 2400mAh), 8Stck + Batterieladegerät für Ni-MH AA / AAA Akkus und USB Geräte,29,48 €,https://m.media-amazon.com/images/I/5108-I3Th-S._AC_UL320_.jpg
Amazon Basics - Hochwertiger Hartschalen-Trolley „Vienna“, mit Schwenkrollen, 68 cm, Schwarz,156,62 €,https://m.media-amazon.com/images/I/81NWjyJiPlL._AC_UL320_.jpg
Amazon Basics Mehrfarbige, wiederverwendbare Einkaufstasche aus Baumwolle, Größe M, für Unisex-Erwachsene, Altersunabhängig,8,06 €,https://m.media-amazon.com/images/I/61nZIyLyPGL._AC_UL320_.jpg
WHITIN Laufschuhe Herren Damen Turnschuhe Sportschuhe Mit 9 Farben 36-47,42,99 €,https://m.media-amazon.com/images/I/71AYolUYmQL._AC_UL320_.jpg
3,7 Volt Wiederaufladbarer Akku，3200mAh NiMH Batterie Hohe Kapazität Batterien für LED Stirnlampe,Fernbedienung,Ferngesteuertes Auto SH,14,99 €,https://m.media-amazon.com/images/I/51w3jiyHsqL._AC_UL320_.jpg
BLUM MANUFAKTUR 1x 100ml Bildschirmreiniger + 30x30 cm Mikrofasertuch Supersoft 365GSM - Screen Cleaner - Display Reiniger - Absolut streifenfreie Reinigung von Handy, Laptop, PC, TV,9,95 €,https://m.media-amazon.com/images/I/71yfcOD9M3L._AC_UL320_.jpg
VALSOLE Orthopädische Einlegesohlen, Plantar Fasciitis Hohe Arch Support Schuheinlagen, Für Fersensporn,Plattfuß, Fußschmerz, Komfort Herren & Damen Einlegesohlen,26,99 €,https://m.media-amazon.com/images/I/61Ru+9b3RwL._AC_UL320_.jpg
Amazon Basics - Schaumstoff-Fitnessrolle, hochdicht,32,36 €,https://m.media-amazon.com/images/I/719fCtAm+hL._AC_UL320_.jpg
Amazon Basics - Hochwertiger Hartschalen-Trolley mit eingebautem TSA-Schloss,Null,https://m.media-amazon.com/images/I/71Zowqwo4aL._AC_UL320_.jpg
Amazon Basics Memoryschaum Matratzenauflage mit Bändern,120 x 200 cm, 5 cm Höhe, weiß,99,99 €,https://m.media-amazon.com/images/I/816wN06HxKL._AC_UL320_.jpg
Premium Bodendüse kompatibel mit Amazon Basics Staubsauger 1,5L|2L|2,5L|3L Komfort Staubsaugerdüse, umschaltbar,16,99 €,https://m.media-amazon.com/images/I/71EoHx3DeIL._AC_UL320_.jpg
Defender® Katana Kabellose Gaming Maus - Geräuschlose Klicks - 5 programmierbare Tasten - RGB-Beleuchtung(On/Off) - bis zu 240 hrs Akkulaufzeit - Wireless Gamer Maus für PC, Mac, Laptop,19,95 €,https://m.media-amazon.com/images/I/71QrMxJOmpL._AC_UL320_.jpg
HFTEK 5-Fach-Monitorarm - Tischhalterung für 5 Bildschirme von 15 – 27 Zoll mit VESA 75/100 (MP235C-N),377,00 €,https://m.media-amazon.com/images/I/61+MwwZL0xL._AC_UL320_.jpg
Akitas S12 kabelgebundener Staubsauger Handstaubsauger mit Kabel 2 in 1 beutelloser Staubsauger mit Deutscher Wessel Werk Kopfdüse geringes Gewicht,37,70 €,https://m.media-amazon.com/images/I/517C78F3QpL._AC_UL320_.jpg
imuto 1.5V Wiederaufladbare Lithium Akku-Set (4X AA + 4X AAA) mit Smart Ladecase – 3000mWh/1300mWh Hochleistungsbatterien, 1600 Ladezyklen,29,99 €,https://m.media-amazon.com/images/I/614gXKmmm5L._AC_UL320_.jpg
Amazon Basics - Sporttasche,Null,https://m.media-amazon.com/images/I/A1xBPzNE34L._AC_UL320_.jpg
20x rs-products I Staubsaugerbeutel für AmazonBasics Bodenstaubsauger mit Beutel, 1,5L, Model No. VCB35B15C-1J7W-70, ASIN B07C3N686Y (20x DA 6),13,90 €,https://m.media-amazon.com/images/I/713qJ4UgulL._AC_UL320_.jpg
Amazon Basics – Wetterfeste Auto-Abdeckung, silberfarben, 150-D-Oxford, Limousinen bis 460 cm,55,03 €,https://m.media-amazon.com/images/I/61tuX51tmPL._AC_UL320_.jpg
Amazon Basics- kompakte Laptoptasche, Umhängetasche/Tragetasche mit Taschen zur Aufbewahrung von Zubehör, Schwarz, 1 Stück & Kabellose Computer-Maus mit USB-Nano-Empfänger, Schwarz,23,62 €,https://m.media-amazon.com/images/I/91i8aaaNcqL._AC_UL320_.jpg
Amazon Basics Klemmmessgerät, 600 A AC/DC, True RMS, NCV, Taschenlampe, 6.000 Counts, Schwarz (Früher Marke AmazonCommercial),48,01 €,https://m.media-amazon.com/images/I/712Qu7TiYWL._AC_UL320_.jpg
Amazon Basics Premium Garment Bag,70,96 €,https://m.media-amazon.com/images/I/91XKXT8vNKL._AC_UL320_.jpg
Amazon Basics AmazonBasics Microfibre Duvet Set, Navy Blue, 135cm x 200cm / 50cm x 80cm and Pillowcase, Navy Blue, Set of Two,20,88 €,https://m.media-amazon.com/images/I/31TTNZLy3aL._AC_UL320_.jpg
Amazon Basics - M11-Staubsaugerbeutel mit Geruchskontrolle für Miele S8, complete C2, complete C3, 10er-Pack,11,68 €,https://m.media-amazon.com/images/I/71kXMG2jaAL._AC_UL320_.jpg
Amazon Basics Abdeckung für freistehenden Terrassenheizstrahler, Beige,36,29 €,https://m.media-amazon.com/images/I/51nhCM56vHL._AC_UL320_.jpg
Amazon Basics Handgepäck Reiserucksack, mit Tragegriff und Schultergurt, 25+10L, 1,7kg Eigengewicht, Schwarz & Dokumentenmappe A4, Fächermappe - Schwarz,64,85 €,https://m.media-amazon.com/images/I/51Me8ZSvPpL._AC_UL320_.jpg
AmazonBasics Garment Bag, 40-Inch,Null,https://m.media-amazon.com/images/I/8132FT+2jFL._AC_UL320_.jpg
Amazon Basics AmazonBasics Microfibre Duvet Set, Navy Blue, 135cm x 200cm / 50cm x 80cm and Microfiber Fitted Single Sheet - Single Size (90 x 190 x 30cm), Bright White,21,98 €,https://m.media-amazon.com/images/I/317kw4azMyL._AC_UL320_.jpg
AmazonBasics Sheet Protector - Heavy Duty, Non-Glare, 100-Pack,21,16 €,https://m.media-amazon.com/images/I/71L8pYRrZcL._AC_UL320_.jpg
10 Filterpapier Staubsaugerbeutel kompatibel mit AmazonBasics Staubsauger 3l komp., Amazon Basics W11, Swirl Y101, Menalux 4000, VCB43B1-70EU4,8,99 €,https://m.media-amazon.com/images/I/71O3MObp7IL._AC_UL320_.jpg
Erste Hilfe Koffer nach neuer DIN 13157:2021 | Gefüllt, inkl. Wandhalterung, 5x Aufkleber, Prüfsticker & 3x Plomben | Erste Hilfe Kasten/Verbandkasten für Betriebe, Unternehmen, Büro & Zuhause,38,95 €,https://m.media-amazon.com/images/I/81gXZ4cwM7L._AC_UL320_.jpg
McFilter | 10 Staubsaugerbeutel geeignet für Amazon Basics 15C-71EU4 und VCB35B15CEU4 | 1,5L Beutel | 5-lagig inkl. 2 Mikrofilter und 2 Motorfilter | Alternative für Original AmazonBasics G51,11,89 €,https://m.media-amazon.com/images/I/61fE999tb5L._AC_UL320_.jpg
30 Staubsaugerbeutel geeignet für AmazonBasics Bodenstaubsauger mit Beutel, Amazon Basics G51, Swirl Y05, Menalux 1840, 15C-71EU4, VCB43B1-70EU4, VCB35B15CEU4 von Staubbeutel-Profi®,22,79 €,https://m.media-amazon.com/images/I/51dSaLhYWnL._AC_UL320_.jpg
10 Staubsaugerbeutel geeignet für AmazonBasics 12M 3.0 L,10,90 €,https://m.media-amazon.com/images/I/71Ry-WqFQlL._AC_UL320_.jpg
SPARES2GO Staubsaugerbeutel für AmazonBasics VCB43B1-70EUK Zylinder-Staubsauger 3,0 l (5 Stück + Lufterfrischer),13,39 €,https://m.media-amazon.com/images/I/71ka74Pv62L._AC_UL320_.jpg
Staubsaugerbeutel ähnlich AMAZONBASICS A11, 20 Staubbeutel + 2 Mikro-Filter,23,80 €,https://m.media-amazon.com/images/I/51G0PHAuTZL._AC_UL320_.jpg
10 Staubsaugerbeutel geeignet für AmazonBasics G51 Swirl Y05 und Menalux 1840 | Vlies 5-lagig - 10er Pack inkl. 1 Mikrofilter,19,99 €,https://m.media-amazon.com/images/I/61DNRmxjNcL._AC_UL320_.jpg
Staubsaugerbeutel ähnlich AMAZONBASICS M21, 20 Staubbeutel + 2 Mikro-Filter,23,80 €,https://m.media-amazon.com/images/I/61Xx3ARscBL._AC_UL320_.jpg
Tipp-Ex Mini Pocket Mouse Korrekturroller, Blister à 2 Roller, Korrekturband 6m x 5mm, Ideal für das Home Office, die Schule & AmazonBasics - Holzgefasste Bleistifte, HB, vorgespitzt, 30er-Pack,19,42 €,https://m.media-amazon.com/images/I/51xwx0c6hfL._AC_UL320_.jpg
Staubsaugerbeutel ähnlich AMAZONBASICS W11, 20 Staubbeutel + 2 Mikro-Filter,23,80 €,https://m.media-amazon.com/images/I/61xwHqqXPLL._AC_UL320_.jpg
Staubsaugerbeutel ähnlich AMAZONBASICS S11, 20 Staubbeutel + 2 Mikro-Filter,23,80 €,https://m.media-amazon.com/images/I/61PR+l78dEL._AC_UL320_.jpg
Staubsaugerbeutel ähnlich AMAZONBASICS M11, 20 Staubbeutel + 2 Mikro-Filter,23,80 €,https://m.media-amazon.com/images/I/61+hA2jXHCL._AC_UL320_.jpg
Staubsaugerbeutel ähnlich AMAZONBASICS W31, 20 Staubbeutel + 2 Mikro-Filter,23,80 €,https://m.media-amazon.com/images/I/61jGe4aUHQL._AC_UL320_.jpg
rs-products 30x I Staubsaugerbeutel für AmazonBasics Bodenstaubsauger mit Beutel, 1,5L, Model No. VCB35B15C-1J7W-70, ASIN B07C3N686Y (DA6),19,90 €,https://m.media-amazon.com/images/I/713qJ4UgulL._AC_UL320_.jpg
50x rs-products I Staubsaugerbeutel für AmazonBasics Bodenstaubsauger mit Beutel, 1,5L, Model No. VCB35B15C-1J7W-70, ASIN B07C3N686Y (DA6),29,90 €,https://m.media-amazon.com/images/I/713qJ4UgulL._AC_UL320_.jpg
HAHAhappy 10 hochwertige Staubsaugerbeutel + 2 zuschneidbare Mikrofilter für AmazonBasics W11 G51,19,90 €,https://m.media-amazon.com/images/I/71vAmCoaGDL._AC_UL320_.jpg
Haysen & Clarvis Wasserfilter Kartuschen Kompatibel mit Brita Maxtra, PearlCo, BWT, Dafi, AmazonBasics (6er Pack),23,99 €,https://m.media-amazon.com/images/I/71CeMtd6bWL._AC_UL320_.jpg
rs-products 20x I Staubsaugerbeutel für AmazonBasics Bodenstaubsauger mit Beutel, 1,5L, Model No. VCB35B15C-1J7W-70, ASIN B07C3N686Y (DA6),13,90 €,https://m.media-amazon.com/images/I/713qJ4UgulL._AC_UL320_.jpg
SAFE 'N CLEAN Vakuumfilter-Set für AmazonBasics VCS35B15KC -70,B071VNCNLF, 2x Wiederverwendbarer Kunststofffilter,14,79 €,https://m.media-amazon.com/images/I/81UCwVRNZjL._AC_UL320_.jpg
Dustwave® 20 Staubsaugerbeutel für AmazonBasics W11 - hocheffizient mit Hygieneverschluss - Made in Germany,16,08 €,https://m.media-amazon.com/images/I/81tfft8LNTL._AC_UL320_.jpg
vhbw Staubsaugerfilter kompatibel mit AmazonBasics VCS35B15KC-70, BO71VNCN2F, B071VNCNLF Staubsauger - Abluftfilter Schwarz Weiß,7,89 €,https://m.media-amazon.com/images/I/81lxtVP1AbL._AC_UL320_.jpg
SPARES2GO Schaumstofffilter-Set für AmazonBasics VCS35B15KC-70EUK ‎15KC-71EU4 Zylinder-Staubsauger,13,34 €,https://m.media-amazon.com/images/I/61A0ZA+hc9L._AC_UL320_.jpg
Filter für AmazonBasics Staubsauger VCS35B15KC-70, B071VNCNLF kompatibel,9,52 €,https://m.media-amazon.com/images/I/61X8XalMi-L._AC_UL320_.jpg
vhbw 1x Staubsaugerfilter kompatibel mit AmazonBasics VCS35B15KC-70, BO71VNCN2F, B071VNCNLF Staubsauger - HEPA Filter,8,19 €,https://m.media-amazon.com/images/I/81WSZJoajPL._AC_UL320_.jpg
Akitas 800W Beutelloser Staubsauger mit starker Saugkraft und deutschem Wessel-Werk 2-in-1-Bürstenkopf für Hartböden und Teppiche,57,96 €,https://m.media-amazon.com/images/I/61-oCp4GsFL._AC_UL320_.jpg
FERSENFREUND© Premium Fersenpolster Schuheinlagen - DAS ORIGINAL - Fersenschutz Fersenkissen Gel Antirutsch Einlagen für zu große Schuhe & Stiefel Schuhfüller Heel Protector Pads gegen Blasen 6er-Set,8,04 €,https://m.media-amazon.com/images/I/91ZuyEFkZ2L._AC_UL320_.jpg
Lehmann Typhoon beutelloser Staubsauger 4000 Watt | beutellos Zyklon Staubsauger mit Set von Aufsätzen | leistungsstarker Staubsauger mit Düsensatz | HEPA Filter, Turbobürste, Staubbehälter 2,5L,79,99 €,https://m.media-amazon.com/images/I/71j6NlPsJXL._AC_UL320_.jpg
VERICO LoopEnergy Pro AA 3330 Wiederaufladbare USB-C Batterie AA 1,5V 3330mWh (2220mAh) Li-Ion Akku, Schnellladung via USB-C Anschluss in ca. 2 Stunden, 4er Pack AA, 1 Kabel USB -A auf 4 x USB-C,22,96 €,https://m.media-amazon.com/images/I/61XoLDVXk-L._AC_UL320_.jpg
Staubsaugerbeutel ähnlich AMAZONBASICS A11, 20 Staubbeutel + 2 Mikro-Filter,23,80 €,https://m.media-amazon.com/images/I/51G0PHAuTZL._AC_UL320_.jpg
10 Staubsaugerbeutel geeignet für AmazonBasics G51 Swirl Y05 und Menalux 1840 | Vlies 5-lagig - 10er Pack inkl. 1 Mikrofilter,19,99 €,https://m.media-amazon.com/images/I/61DNRmxjNcL._AC_UL320_.jpg
Staubsaugerbeutel ähnlich AMAZONBASICS M21, 20 Staubbeutel + 2 Mikro-Filter,23,80 €,https://m.media-amazon.com/images/I/61Xx3ARscBL._AC_UL320_.jpg
rs-products 20x I Staubsaugerbeutel für AmazonBasics Bodenstaubsauger mit Beutel, 1,5L, Model No. VCB35B15C-1J7W-70, ASIN B07C3N686Y (DA6),13,90 €,https://m.media-amazon.com/images/I/713qJ4UgulL._AC_UL320_.jpg
UTIZ Papier-Staubsaugerbeutel für AmazonBasics VCB43B1-70EUK Zylinder 3,0 l Daewoo RC105 Sanyo SC34A Staubsauger,14,99 €,https://m.media-amazon.com/images/I/51URT8xkItL._AC_UL320_.jpg
Erste Hilfe Koffer nach neuer DIN 13157:2021 | Gefüllt, inkl. Wandhalterung, 5x Aufkleber, Prüfsticker & 3x Plomben | Erste Hilfe Kasten/Verbandkasten für Betriebe, Unternehmen, Büro & Zuhause,38,95 €,https://m.media-amazon.com/images/I/81gXZ4cwM7L._AC_UL320_.jpg
Produkte, Elektronik/Zubehör/PC/Multimedia A-Ware,ki20,35,00 €,https://m.media-amazon.com/images/I/71F1UoAZecL._AC_UL320_.jpg
WILDMOK Messer Set Messerblock Set, mit Holzgriff Block, Deutscher Edelstahl Kchenmesser Knochenhacker Steakmesser, und Kchenschere, 17-teilig Profi Messerset,329,99 €,https://m.media-amazon.com/images/I/71PKhDUlrDS._AC_UL320_.jpg
MR.SIGA Toilettenbürste WC Bürste und Halter mit schnell trocken Behälter und festem Griff, Premium Klobürste für Badezimmer, Grau,19,99 €,https://m.media-amazon.com/images/I/61RQBcTJFhL._AC_UL320_.jpg
JupiterSecret Boxershorts Herren Baumwolle Unterhosen Männer Amarican Boxershorts 6er und 10er Packs,19,99 €,https://m.media-amazon.com/images/I/81JHeieVcZL._AC_UL320_.jpg
Haysen & Clarvis Wasserfilter Kartuschen Kompatibel mit Brita Maxtra, PearlCo, BWT, Dafi, AmazonBasics (6er Pack),23,99 €,https://m.media-amazon.com/images/I/71CeMtd6bWL._AC_UL320_.jpg
Staubsaugerbeutel ähnlich AMAZONBASICS W31, 20 Staubbeutel + 2 Mikro-Filter,23,80 €,https://m.media-amazon.com/images/I/61jGe4aUHQL._AC_UL320_.jpg
Staubsaugerbeutel ähnlich AMAZONBASICS M11, 20 Staubbeutel + 2 Mikro-Filter,23,80 €,https://m.media-amazon.com/images/I/61+hA2jXHCL._AC_UL320_.jpg
SAFE 'N CLEAN Vakuumfilter-Set für AmazonBasics VCS35B15KC -70,B071VNCNLF, 2x Wiederverwendbarer Kunststofffilter,14,79 €,https://m.media-amazon.com/images/I/81UCwVRNZjL._AC_UL320_.jpg
Clinotest Premium Bettlaken ohne Gummizug aus 100% Baumwolle 160x280 cm – Kochfestes Betttuch in Hotelqualität, nutzbar als Tischdecke, Fotohintergrund, Abdeckung & Decke - für Pflegeeinrichtungen,17,99 €,https://m.media-amazon.com/images/I/61FTNdA1UYL._AC_UL320_.jpg
MASKO® Industriestaubsauger Staubsauger Nass Trocken Sauger Edelstahl 2300W + Steckdose | Blasfunktion | Trocken-Saugen & Nass-Saugen | Push&Clean | Industrie-Sauger mit & ohne Beutel | beutellos,94,80 €,https://m.media-amazon.com/images/I/81Z4+rd8Q4L._AC_UL320_.jpg
Juskys Mülleimer Küche mit Bewegungssensor Silber 60L - Eckiger Abfalleimer mit Klemmring für Müllbeutel - Rostfreier Stahl - Kontaktloses Entsorgen,69,99 €,https://m.media-amazon.com/images/I/615M1cpr-YL._AC_UL320_.jpg
j5create USB-C Dual 4K Speakerphone Dock Pro, Dual 4K HDMI Audio Dock für Videokonferenzen, USB-A x 2, USB-C, Gigabit ethernet, Pass-Through Charging - Funktioniert mit Teams, Zoom (JCDS337),189,99 €,https://m.media-amazon.com/images/I/61HqcRZdySL._AC_UL320_.jpg
SPARES2GO Staubsaugerbeutel kompatibel mit AmazonBasics VCB43B1-70EUK Zylinder 3.0L Staubsauger (10 Stück),19,69 €,https://m.media-amazon.com/images/I/71GuyS+cIUL._AC_UL320_.jpg
rs-products 10x Staubsaugerbeutel aus Mikrovlies - Kompatibel mit FAKIR, DIRT DEVIL, SWIRL, AmazonBasics, NILFISK, ALDI, LIDL,10,90 €,https://m.media-amazon.com/images/I/713qJ4UgulL._AC_UL320_.jpg
Staubsaugerbeutel ähnlich AMAZONBASICS S11, 20 Staubbeutel + 2 Mikro-Filter,23,80 €,https://m.media-amazon.com/images/I/61PR+l78dEL._AC_UL320_.jpg
Tipp-Ex Mini Pocket Mouse Korrekturroller, Blister à 2 Roller, Korrekturband 6m x 5mm, Ideal für das Home Office, die Schule & AmazonBasics - Holzgefasste Bleistifte, HB, vorgespitzt, 30er-Pack,19,42 €,https://m.media-amazon.com/images/I/51xwx0c6hfL._AC_UL320_.jpg
HAHAhappy 10 hochwertige Staubsaugerbeutel + 2 zuschneidbare Mikrofilter für AmazonBasics W11 G51,19,90 €,https://m.media-amazon.com/images/I/71vAmCoaGDL._AC_UL320_.jpg
VARTA Batterien AA, 100 Stück, Power on Demand, Alkaline, 1,5V, Vorratspack in umweltschonender Verpackung, ideal für Computerzubehör, Smart Home Geräte,39,99 €,https://m.media-amazon.com/images/I/81L7p75pbQL._AC_UL320_.jpg
AmazonBasics Moderne Hausnummern und Buchstaben aus Metall, 30,5 cm, weiße Adressnummern und Briefkastennummern, Set mit 10 weißen Wohnungshausnummern,24,44 €,https://m.media-amazon.com/images/I/51R+MFv+zdL._AC_UL320_.jpg
rs-products 30x I Staubsaugerbeutel für AmazonBasics Bodenstaubsauger mit Beutel, 1,5L, Model No. VCB35B15C-1J7W-70, ASIN B07C3N686Y (DA6),19,90 €,https://m.media-amazon.com/images/I/713qJ4UgulL._AC_UL320_.jpg
Dustwave® 20 Staubsaugerbeutel für AmazonBasics W11 - hocheffizient mit Hygieneverschluss - Made in Germany,16,08 €,https://m.media-amazon.com/images/I/81tfft8LNTL._AC_UL320_.jpg
McFilter | 10 Staubsaugerbeutel kompatibel für Tristar SZ-1940 SZ-1920 | Bomann BS 911 BS 9011 CB | AmazonBasics 15C | Samsung FC SC VC VCC Serie | Thomas ECO Power | Grundig VCC3650 VCC4350 VCC4950,12,29 €,https://m.media-amazon.com/images/I/61fE999tb5L._AC_UL320_.jpg
LiCB 10 Stück CR2032 3V Lithium Knopfzellen CR 2032 Batterien,5,39 €,https://m.media-amazon.com/images/I/81Pd4ogDITL._AC_UL320_.jpg
50x rs-products I Staubsaugerbeutel für AmazonBasics Bodenstaubsauger mit Beutel, 1,5L, Model No. VCB35B15C-1J7W-70, ASIN B07C3N686Y (DA6),29,90 €,https://m.media-amazon.com/images/I/713qJ4UgulL._AC_UL320_.jpg
SPARES2GO Schaumstofffilter-Set für AmazonBasics VCS35B15KC-70EUK ‎15KC-71EU4 Zylinder-Staubsauger,13,34 €,https://m.media-amazon.com/images/I/61A0ZA+hc9L._AC_UL320_.jpg
vhbw 3x Staubsaugerfilter kompatibel mit AmazonBasics VCS35B15KC-70, BO71VNCN2F, B071VNCNLF Staubsauger - HEPA Filter,14,39 €,https://m.media-amazon.com/images/I/81wMooamN5L._AC_UL320_.jpg
Filter für AmazonBasics Staubsauger VCS35B15KC-70, B071VNCNLF kompatibel,9,52 €,https://m.media-amazon.com/images/I/61X8XalMi-L._AC_UL320_.jpg
Offizielles Amazon 5-W-USB-Ladegerät und Netzteil (kompatibel mit den meisten Geräten, einschließlich Tablets, eReadern, Smartphones und mehr),14,99 €,https://m.media-amazon.com/images/I/61v7a4tj71L._AC_UL320_.jpg
vhbw Filter-Set kompatibel mit AmazonBasics B071VNCNLF, BO71VNCN2F, VCS35B15KC-70 Staubsauger - 2x Filter (Abluft-Filter, HEPA-Filter),12,19 €,https://m.media-amazon.com/images/I/71Thia491zL._AC_UL320_.jpg
KOG Tank Top Herren Sport Tanktop Sommer Sportshirt Ärmelloses Shirt Tie-Dye Muster T-Shirt Loose Fit Baumwolle Tshirts Teenager Tee T-Shirt Basic Tee Arbeitsshirt Lässig Kleidung Muskelshirts,4,94 €,https://m.media-amazon.com/images/I/71MrVz7SzJL._AC_UL320_.jpg
vhbw 1x Staubsaugerfilter kompatibel mit AmazonBasics VCS35B15KC-70, BO71VNCN2F, B071VNCNLF Staubsauger - HEPA Filter,8,19 €,https://m.media-amazon.com/images/I/81WSZJoajPL._AC_UL320_.jpg
Trade-Shop Filter-Set Abluftfilter/Motorschutzfilter + HEPA-Filter kompatibel mit AmazonBasics B071VNCNLF BO71VNCN2F VCS35B15KC-70,13,90 €,https://m.media-amazon.com/images/I/51OMv2BdmJL._AC_UL320_.jpg
Dynavox Stereo Kompakt-Verstärker VT-80 schwarz, Anschluss-Terminals für 4 Lautsprecher, 25x18x9.5cm & AmazonBasics PBH-19821 Cinch-Audiokabel, 3,5-mm-Klinkenstecker auf 2 x Cinch-Stecker, 1,22 m,138,38 €,https://m.media-amazon.com/images/I/51WdoD-ffyS._AC_UL320_.jpg
SPARES2GO HEPA-Filter-Set für AmazonBasics VCS35B15KC-70EUK ‎15KC-71EU4 Zylinder-Staubsauger,12,55 €,https://m.media-amazon.com/images/I/61VVww4XrpL._AC_UL320_.jpg
SPARES2GO Sekundärer Schaumstofffilter für AmazonBasics VCS35B15KC-70EUK ‎15KC-71EU4 Zylinder-Staubsauger (2 Stück),16,08 €,https://m.media-amazon.com/images/I/71u6xpIdlRL._AC_UL320_.jpg
SPARES2GO Sekundärer Schaumstofffilter für AmazonBasics VCS35B15KC-70EUK ‎15KC-71EU4 Zylinder-Staubsauger,11,32 €,https://m.media-amazon.com/images/I/71rT1qee7mL._AC_UL320_.jpg
2x Trade-Shop Filter-Set Abluftfilter/Motorschutzfilter + HEPA-Filter kompatibel mit AmazonBasics B071VNCNLF BO71VNCN2F VCS35B15KC-70,22,90 €,https://m.media-amazon.com/images/I/61hz7-yin8L._AC_UL320_.jpg
3/4 Hose Damen Leinenhose Leicht Slim Fit Cargohose Sommer Freizeithose Sommerhose Musselin Baumwolle Leinen Casual Frauen Einfarbig Jogginghose Basic Wanderhose Outdoor Hosen Trekkinghose S - 3XL,11,97 €,https://m.media-amazon.com/images/I/51t+bLTO7yL._AC_UL320_.jpg
KOG Langarmshirt Damen Langarm Bekleidung Einfarbige T-Shirts Elegant Langärmeliges Shirts Frau T-Shirt Casual Einfarbig Kleidung Teenager Mädchen Basic Shirt Fashion Blusen & Tuniken Baumwolle Tops,9,97 €,https://m.media-amazon.com/images/I/61F3Ic8l5SL._AC_UL320_.jpg
KOG Bandeau Top Damen Crop Tops Sexy Tube Top Frauen Sommer Schulterfreies Oberteil Y2k Aesthetic Clothes,5,49 €,https://m.media-amazon.com/images/I/61+HpD-ttiL._AC_UL320_.jpg
KOG Bluse Damen Leinenhemd Langarm Hemd Oberteil Einfarbig Elegante Langarmshirt Frauen Bekleidung Freizeit Einfarbige Blusenshirt Frau Oversize Longshirt Herbst Top Leinen Baumwolle Shirts S - 5XL,11,97 €,https://m.media-amazon.com/images/I/613z56TfERL._AC_UL320_.jpg
KOG T-Shirts für Herren Sommer Tshirt Kurzarm Tshirts Einfarbig Oberteile Basic Baumwolle T Shirts Junge Shirts Loose Fit Tee Oversized Sweatshirt Einfarbige Oversize Wandershirt Kleiderhemd,2,36 €,https://m.media-amazon.com/images/I/51k3z97opwL._AC_UL320_.jpg
KOG T-Shirts für Herren Sommer T Shirts Kurzarm Tshirts Einfarbig Kleidung Bequemes Baumwolle T Shirt Junge Bekleidung Vintage Oberteil Männer Oberteile Einfarbige Leicht Streetwear Freizeithemd,6,97 €,https://m.media-amazon.com/images/I/51rPRZ9lIlL._AC_UL320_.jpg
HXRYPG Caprihose Damen Leicht Jogginghose Musselin Hose Weites Bein Sporthose Kurz Sommerhose Schlupfhose Frau Yogahose Sport Fitness Trainingshose Teenager Mädchen Streetwear Freizeithose,15,97 €,https://m.media-amazon.com/images/I/61hyoMtNuQL._AC_UL320_.jpg
KOG T-Shirts für Herren Sommer Tshirts Kurzarm Oberteil Mode Motiv Shirt Loose Fit Baumwolle Arbeitsshirt Sportshirt Fashion Kleidung Jungen Rundhals Leicht Tshirt Tie-Dye Muster Basic Top Hemden,8,97 €,https://m.media-amazon.com/images/I/618i-5yrybL._AC_UL320_.jpg
KOG T-Shirts für Herren Sommer Tshirt Kurzarm Shirts Mode Motiv Tee Retro Baumwolle Oberteil Teenager Laufshirt Mode Top Jungen Rundhals Lässig Tshirts Grafik Drucken Slim Fit T Shirt Streetwear,9,97 €,https://m.media-amazon.com/images/I/61kY6EE1vZL._AC_UL320_.jpg
Herren Badehose Lang Badeshorts Schnelltrocknend Boardshorts Sommer Sporthose Kurze Hosen Jogging Freizeithose mit Kordelzug Strandhose Bademode Schwimmhose Männer Bermuda Shorts Strand Badebekleidung,8,97 €,https://m.media-amazon.com/images/I/61aewxrj6OL._AC_UL320_.jpg
KOG Tank Top Herren Sport Tanktop Sommer Sportshirt Ärmelloses Streetwear Mode Motiv T-Shirts Fashion Baumwolle Wandershirt Jungen Unterhemd Bequemes Tshirts Teenager Training Oberteile Top Shirts,7,97 €,https://m.media-amazon.com/images/I/71606nuj7PL._AC_UL320_.jpg
HXRYPG Caprihose Damen Sporthose Knielang 3/4 Hose mit Kordelzug Jogginghose Lässig Sport Schlupfhose Teenager Mädchen Freizeithose Baumwolle Cargohose Einfarbig Stoffhose Bequeme Kleidung Pants,14,97 €,https://m.media-amazon.com/images/I/51RqKk9rPIL._AC_UL320_.jpg
KOG Poloshirts für Herren Polohemd Kurzarm Oberteile Einfarbige Tshirts Fashion Baumwolle Oberteil Jungen Bekleidung Lässig Freizeitshirt Männer Hemdkragen Sportshirt Basic Shirt Strand Hemden,9,97 €,https://m.media-amazon.com/images/I/81Hv0YAPXtL._AC_UL320_.jpg
VERICO LoopEnergy Größe C, Baby, CR14-2er Pack, 5500mWh / 3700 mAh, Schnellladung via USB-C Anschluss in ca. 2 Stunden, Li-Ion Akku, inklusive 1 x Ladekabel Typ A auf 2 x Typ C,17,56 €,https://m.media-amazon.com/images/I/61IT6GadDpL._AC_UL320_.jpg
Walfinus Premium XXL 10er-Set Kratzfreie Spülschwamm, Putzschwamm, Reinigungsschwamm, Küchenschwamm, zweiseitige, Scheuerschwamm, Topfreiniger, waschbar -60 Grad 15x7x4cm zum wiederverwenden,15,97 €,https://m.media-amazon.com/images/I/81ZGLFqrkoL._AC_UL320_.jpg
ovwo 12 Stück Hohe Qualität Mikrofasertücher - Sehr Saugfähig, Fusselfrei, Scratch Frei, Wiederverwendbaren Putzlappen - für Küchentücher, Geschirrtücher, Staub Lappen, Fensterputztücher,9,98 €,https://m.media-amazon.com/images/I/81XJa0cAkkL._AC_UL320_.jpg
Powerbank Ladegerät Set mit 8000mAh（2000mAh*4）,2USB, 5V2A Portable DIY PowerBank,2-in-1 tragbares Ladegerät mit Vier 3.7V Lithium-Batterien,25,60 €,https://m.media-amazon.com/images/I/71eURJN4MML._AC_UL320_.jpg
Vakuumbeutel für Kleidung mit elektrischer Luftpumpe, 8er Pack (2Jumbo/2groß/2mittel/2klein), Vakuumbeutel für Bettdecken, Matratzen, Decken, Kissen, Bettwäsche, Reisen, Umzug,29,99 €,https://m.media-amazon.com/images/I/61HFN2q6VSL._AC_UL320_.jpg
vhbw 3x Staubsaugerfilter kompatibel mit AmazonBasics VCS35B15KC-70, BO71VNCN2F, B071VNCNLF Staubsauger - HEPA Filter,14,39 €,https://m.media-amazon.com/images/I/81wMooamN5L._AC_UL320_.jpg
2x Ersatz Wasser-Filter ersetzt Golden IcePure GP-RWF1100A AquaCrest AQF-DA29-00003G AmazonBasics AMZN-DA29-00003G EcoAqua EFF-6011A,27,59 €,https://m.media-amazon.com/images/I/51Ig79RHWvL._AC_UL320_.jpg
20x dustwave® PREMIUM-Staubsaugerbeutel für MOULINEX, ROWENTA geeignet und kompatibel mit AmazonBasics R21 / Extradickes Vlies für Allergiker - Made in Germany + Microfilter,20,04 €,https://m.media-amazon.com/images/I/615VXW9+OnL._AC_UL320_.jpg
KOG Tank Top Herren Sport Tanktop Sommer Sportshirt Ärmelloses Streetwear Mode Motiv T-Shirts Fashion Baumwolle Wandershirt Jungen Unterhemd Bequemes Tshirts Teenager Training Oberteile Top Shirts,7,97 €,https://m.media-amazon.com/images/I/71606nuj7PL._AC_UL320_.jpg
KOG Poloshirts für Herren Polohemd Kurzarm Oberteile Einfarbige Tshirts Fashion Baumwolle Oberteil Jungen Bekleidung Lässig Freizeitshirt Männer Hemdkragen Sportshirt Basic Shirt Strand Hemden,9,97 €,https://m.media-amazon.com/images/I/81Hv0YAPXtL._AC_UL320_.jpg
YOULEHE Unterhosen Damen Baumwolle Hohe Taille Weich Atmungsaktiv Unterwäsche,27,99 €,https://m.media-amazon.com/images/I/81CUZ-GVvxL._AC_UL320_.jpg
MRE-9 Notration - 24 Tage Emergency Food - 20 Jahre Haltbarkeitsdauer - 24x500g Notfallnahrung - 2400 kcal pro Tag - Extra Vitamine,139,00 €,https://m.media-amazon.com/images/I/71PJgsBdL3L._AC_UL320_.jpg
Lower East Herren Boxershorts (6er Pack),37,95 €,https://m.media-amazon.com/images/I/81RVpU3f18L._AC_UL320_.jpg
CITYORK Wiederaufladbare D Zelle Batterien, 1,5V 15000mWh USB Li-Ion D Akku Aufladbare mit Typ-C Kabel -2 Stück,24,99 €,https://m.media-amazon.com/images/I/61Tcj0apgxL._AC_UL320_.jpg
vhbw Filter-Set kompatibel mit AmazonBasics B071VNCNLF, BO71VNCN2F, VCS35B15KC-70 Staubsauger - 2x Filter (Abluft-Filter, HEPA-Filter),12,19 €,https://m.media-amazon.com/images/I/71Thia491zL._AC_UL320_.jpg
Offizielles Amazon 5-W-USB-Ladegerät und Netzteil (kompatibel mit den meisten Geräten, einschließlich Tablets, eReadern, Smartphones und mehr),14,99 €,https://m.media-amazon.com/images/I/61v7a4tj71L._AC_UL320_.jpg
Trade-Shop 12x Wasser-Filter Ersatz für AquaCrest AQK-07, Anna Duomax, Bosch Tassimo, AmazonBasics, UVM. für Wasserfilter-Kannen,67,90 €,https://m.media-amazon.com/images/I/51lFfImldLL._AC_UL320_.jpg
Dynavox Stereo Kompakt-Verstärker VT-80 schwarz, Anschluss-Terminals für 4 Lautsprecher, 25x18x9.5cm & AmazonBasics PBH-19821 Cinch-Audiokabel, 3,5-mm-Klinkenstecker auf 2 x Cinch-Stecker, 1,22 m,138,38 €,https://m.media-amazon.com/images/I/51WdoD-ffyS._AC_UL320_.jpg
HATMINI 1FT 4-Port USB3.0 Expander Hub, USB 3.0 Fast Data Hub mit individuellen LED-EIN-/Ausschaltern, tragbarer USB-Port-Extender für Laptops, USB-Flash-Laufwerke und mehr (1FT),10,99 €,https://m.media-amazon.com/images/I/61fYn5+j5YL._AC_UL320_.jpg
POWEROWL Batterien AA Alkaline Hochleistungs 24 Stück 1,5 V langlebige AA Batterie 10 Jahre Haltbarkeit(Nicht wiederaufladbar),6,99 €,https://m.media-amazon.com/images/I/71PFgu06XpL._AC_UL320_.jpg
ELONEO Klappmatratze, Gästematratze, 3-teilige Faltmatratze, Schaumstoff extra dick (15cm), waschbar, Bandscheibenwürfel, klappbar, Faltbare Matratze, Erwachsene (Schwarz, 75 x 195 x 15 cm),59,49 €,https://m.media-amazon.com/images/I/7180MpyExFL._AC_UL320_.jpg
ASEADO® 2X Mikrofasertuch 800GSM - Poliertücher für Auto, Fahrrad & Motorrad - Kratzfreie Lackschonende Trockentücher - 40 x 40 cm,9,90 €,https://m.media-amazon.com/images/I/81GAD3thf0L._AC_UL320_.jpg
vhbw 1x Staubsaugerfilter kompatibel mit AmazonBasics VCS35B15KC-70, BO71VNCN2F, B071VNCNLF Staubsauger - HEPA Filter,8,19 €,https://m.media-amazon.com/images/I/81WSZJoajPL._AC_UL320_.jpg
Trade-Shop Filter-Set Abluftfilter/Motorschutzfilter + HEPA-Filter kompatibel mit AmazonBasics B071VNCNLF BO71VNCN2F VCS35B15KC-70,13,90 €,https://m.media-amazon.com/images/I/51OMv2BdmJL._AC_UL320_.jpg
KOG T-Shirts für Herren Sommer Tshirts Kurzarm Oberteil Mode Motiv Shirt Loose Fit Baumwolle Arbeitsshirt Sportshirt Fashion Kleidung Jungen Rundhals Leicht Tshirt Tie-Dye Muster Basic Top Hemden,8,97 €,https://m.media-amazon.com/images/I/618i-5yrybL._AC_UL320_.jpg
SPARES2GO HEPA-Filter-Set für AmazonBasics VCS35B15KC-70EUK ‎15KC-71EU4 Zylinder-Staubsauger,12,55 €,https://m.media-amazon.com/images/I/61VVww4XrpL._AC_UL320_.jpg
HXRYPG Radlerhose Damen mit Taschen High Waist Sporthose Kurze Leggings Blickdicht Shorts Leggins Yoga Gym Trainingshose Sommer Hosen Laufen Sportleggins Push Up Fitness Hotpants Sportshorts,6,49 €,https://m.media-amazon.com/images/I/71bDqw2OgCL._AC_UL320_.jpg
SPARES2GO Sekundärer Schaumstofffilter für AmazonBasics VCS35B15KC-70EUK ‎15KC-71EU4 Zylinder-Staubsauger (2 Stück),16,08 €,https://m.media-amazon.com/images/I/71u6xpIdlRL._AC_UL320_.jpg
SPARES2GO Sekundärer Schaumstofffilter für AmazonBasics VCS35B15KC-70EUK ‎15KC-71EU4 Zylinder-Staubsauger,11,32 €,https://m.media-amazon.com/images/I/71rT1qee7mL._AC_UL320_.jpg
HXRYPG Caprihose Damen Leicht Jogginghose Musselin Hose Weites Bein Sporthose Kurz Sommerhose Schlupfhose Frau Yogahose Sport Fitness Trainingshose Teenager Mädchen Streetwear Freizeithose,15,97 €,https://m.media-amazon.com/images/I/61hyoMtNuQL._AC_UL320_.jpg
HXRYPG Caprihose Damen Sporthose Knielang 3/4 Hose mit Kordelzug Jogginghose Lässig Sport Schlupfhose Teenager Mädchen Freizeithose Baumwolle Cargohose Einfarbig Stoffhose Bequeme Kleidung Pants,14,97 €,https://m.media-amazon.com/images/I/51RqKk9rPIL._AC_UL320_.jpg
RÖSLE Gemüsemesser Basic Line - 9 cm, hochwertiges Küchenmesser für Obst und Gemüse, Edelstahl 18/10, ergonomischer silberner Griff, scharfes Messer für die Küche,18,90 €,https://m.media-amazon.com/images/I/71Fx00xyI0L._AC_UL320_.jpg
KOG Poloshirt Herren Golf Polo Shirt Kurzarm Bekleidung Einfarbige Kleidung Mode Baumwolle Tee T-Shirt Tee Fashion Oberteile Jungen Henley Ausschnitt Casual Laufshirt Große Größen Top Wandershirt,9,97 €,https://m.media-amazon.com/images/I/61PY1ul5YpL._AC_UL320_.jpg
Herren Badehose Lang Badeshorts Schnelltrocknend Boardshorts Sommer Sporthose Kurze Hosen Jogging Freizeithose mit Kordelzug Strandhose Bademode Schwimmhose Männer Bermuda Shorts Strand Badebekleidung,8,97 €,https://m.media-amazon.com/images/I/61aewxrj6OL._AC_UL320_.jpg
Damen Leinenhose Sommer Baumwolle Leinen Caprihose Jogginghose Musselin Hose 3/4 Freizeithose Leicht Sporthose Weite Schlupfhose Teenager Mädchen Causal Sommerhose Dreiviertel Strandhose Pants,14,97 €,https://m.media-amazon.com/images/I/61j97e6w+XL._AC_UL320_.jpg
HXRYPG 3/4 Hosen Damen Sporthose Knielang Wanderhose mit Kordelzug Freizeithose Schlanke Bauchkontrolle Cargohose Casual Einfarbig Leinenhose Leggings Kleidung Haremshose Reisen Stoffhose,13,97 €,https://m.media-amazon.com/images/I/61qyT186K-L._AC_UL320_.jpg
Verdunkelungsrollo Klemmfix ohne Bohren 75cm x 150cm Grau Verdunklungsrollo Fensterrollo Rollo Seitenzugrollo Klemmrollo für Fenster & Tür,21,85 €,https://m.media-amazon.com/images/I/6151tQ2+LxL._AC_UL320_.jpg
HXRYPG Caprihose Damen Sommer Leinenhose 3/4 Hose Leicht Jogginghose Atmungsaktiv Leinen Schlupfhose Sport Freizeithose Teenager Mädchen Stoffhose Causal Yogahose Streetwear Trainingshose,14,97 €,https://m.media-amazon.com/images/I/61YnGoeymuL._AC_UL320_.jpg
HXRYPG Jogginghose Damen 3/4 Hose Weite Haremshose Caprihose Sommerhose Frau Yogahose Sporthose Teenager Mädchen Schlupfhose Yoga Fitness Trainingshose Wanderhose Streetwear Freizeithose,15,49 €,https://m.media-amazon.com/images/I/61LBGUYbdzL._AC_UL320_.jpg
HXRYPG Jogginghose Damen 3/4 Hose Weite Caprihose Sommerhose mit Taschen Frau Yogahose Sporthose Teenager Mädchen Schlupfhose Yoga Fitness Causal Trainingshose Wanderhose Y2K Streetwear Freizeithose,14,49 €,https://m.media-amazon.com/images/I/51gNiIzDNPL._AC_UL320_.jpg
2x Trade-Shop Filter-Set Abluftfilter/Motorschutzfilter + HEPA-Filter kompatibel mit AmazonBasics B071VNCNLF BO71VNCN2F VCS35B15KC-70,22,90 €,https://m.media-amazon.com/images/I/61hz7-yin8L._AC_UL320_.jpg
Leinenhose Damen Baumwolle Leinen Caprihose Sommer Jogginghose Musselin Hose 3/4 Freizeithose Leicht Sporthose Weite Schlupfhose Teenager Mädchen Causal Sommerhose Dreiviertel Strandhose Pants,14,49 €,https://m.media-amazon.com/images/I/61j7Xt5q29L._AC_UL320_.jpg
KOG 3er Pack Unterhemd Herren Tank Top Sport Tanktop Sommer Muskelshirt Ärmelloses Tee Einfarbig Shirts Fitness Baumwolle Tshirt T-Shirt Gym Oberteil Teenager Slim Fit Tshirts Casual Tee T-Shirt,9,97 €,https://m.media-amazon.com/images/I/81OeIOiiTYL._AC_UL320_.jpg
Sommer Zweiteiler Damen Musselin Bluse und Shorts Elegant Outfits Leinen Hemd Hausanzug Baumwolle Loungewear Set Frauen Langarm Freizeitanzug Y2K Kleidung Teenager Mädchen Hosenanzug Sportanzug,29,99 €,https://m.media-amazon.com/images/I/71FQEwMHopL._AC_UL320_.jpg
Blusen Tuniken für Damen Leinen Bluse Basic V-Ausschnitt Kurzarm T-Shirt Musselin OberteileSexy Modisch Licht Hemdbluse Tunika Top Leinenhemd,9,99 €,https://m.media-amazon.com/images/I/71e1XeZ41bL._AC_UL320_.jpg
Leinenhose Damen Hose 3/4 Caprihose Baumwolle Leinen Stoffhose Cargohose mit Taschen Hosen Kurz Freizeithose Teenager Mädchen Schlupfhose Causal Jogginghose Leicht Chinohose,14,97 €,https://m.media-amazon.com/images/I/51D8QuWWIiL._AC_UL320_.jpg
HXRYPG 2er Pack Leggings Damen Elastisch Yogahose Lange Sportleggings Blickdicht Frauen Sporthose Yoga Hosen Scrunch Teenager Mädchen Sport Leggins High Waist Freizeit Alltag,9,97 €,https://m.media-amazon.com/images/I/618m39UV5JL._AC_UL320_.jpg
Glücksblatt Toilettenpapier Box, 3-lagig, 75 Rollen x 180 Blatt, 100% Zellstoff, Großpackung, superweiches Klopapier, WC Papier, wiederverwendbarer Vorratskarton,39,99 €,https://m.media-amazon.com/images/I/81TQOHFCmoL._AC_UL320_.jpg
KOG Damen T-Shirt Motiv Bekleidung Freizeit Kurzarm Blusenshirt Teenager Mädchen Hemd Lose Mode Motiv Longbluse Frau Vintage Shirts Grafik Drucken Lässig Kleidung Baumwolle Tee T-Shirt,9,97 €,https://m.media-amazon.com/images/I/71WO5J0UgWL._AC_UL320_.jpg
Jogginghose Damen Baggy Sommerhose Leicht Sporthose Lang Hosen mit Kordelzug Trainingshose Baumwolle Freizeithose Teenager Mädchen Laufhose mit Taschen Frauen Weite Sweatpants Stoffhose Schlupfhose,25,69 €,https://m.media-amazon.com/images/I/61RnaOFLjmL._AC_UL320_.jpg
Badehose Herren mit Taschen Badeshorts Schnelltrocknend Schwimmhose Atmungsaktiv Farbverlauf Badehosen Jungen Bademode Männer Schwimmshort mit Kordelzug Strandhose Große Größen Boardshorts,8,49 €,https://m.media-amazon.com/images/I/71+GPTDnWnL._AC_UL320_.jpg
KOG T-Shirts für Herren Sommer Shirt Kurzarm T Shirts Mode Motiv Bekleidung Retro Baumwolle Freizeitshirt Jungen Tee Lässig Rundhals Große Größen T Shirt Tie-Dye Muster Leicht Tops Arbeitsshirt,9,97 €,https://m.media-amazon.com/images/I/61eudFVvV1L._AC_UL320_.jpg
HXRYPG Capri Leggings Damen Blickdicht Leggins 3/4 High Waist Sportleggins Caprihose Sommer Yogahose Frau Sporthose 7/8 Freizeithose Elegant Kurze Hose Laufhose Pants Leichte Sommerhose S -3XL,8,49 €,https://m.media-amazon.com/images/I/61s3s9ez+NL._AC_UL320_.jpg
KOG Sommerkleid Damen mit Taschen Sommer Basic Mini Kleid Blusenkleid Tshirt Kleid Einfarbig Teenager 2025 Bekleidung Casual Tunika Kleid Frau Sommerkleidung Blusen Kleid,9,97 €,https://m.media-amazon.com/images/I/613q4KtUZ8L._AC_UL320_.jpg
Jogginghose Damen Sporthose Einfarbige Hosen Baggy Laufhose Trainingshose Fitness Sweathose Teenager Mädchen Freizeithose mit Kordelzug Baumwolle Schlupfhose mit Taschen Frau Hose Bequeme Sweatpants,25,69 €,https://m.media-amazon.com/images/I/51IxKf5VGRL._AC_UL320_.jpg
Sport Shorts Damen Locker Pyjamahose Kurz Schlafanzughose Kurz Sexy Yogahose Sporthose Elegant Yoga Shorts Baumwolle S - XXL,4,79 €,https://m.media-amazon.com/images/I/51+OFQb8JwL._AC_UL320_.jpg
HXRYPG Zweiteiler Damen Sommer Outfits Workout Hosenanzug Crop Tank Top und Shorts Frauen Loungewear Set Elegant Teenager Mädchen 2 Teiler Baumwolle Kleidung Y2K Sport Anzug Freizeitanzug,17,49 €,https://m.media-amazon.com/images/I/7111bW9J0cL._AC_UL320_.jpg
KOG Damen Hosen Leichte Sommerhose Yogahose Baggy Jeansimitat Sommerhosen Freizeit Cargohose S - 5XL,9,97 €,https://m.media-amazon.com/images/I/51FarVjgANL._AC_UL320_.jpg
HXRYPG 3/4 Hose Damen Sporthose Knielang Wanderhose mit Kordelzug Jogginghose Lässig Schlupfhose Teenager Mädchen Freizeithose Baumwolle Cargohose Einfarbig Stoffhose Bequeme Kleidung Pants,14,49 €,https://m.media-amazon.com/images/I/51Rs0C2UAQL._AC_UL320_.jpg
KOG Damen T-Shirt Fashion Leinenhemd Hemd Elegante Kurzarm T-Shirts Frau Tee T-Shirt Freizeit Tie-Dye Muster Bekleidung S - 5XL,9,97 €,https://m.media-amazon.com/images/I/6151eOlh+ZL._AC_UL320_.jpg
Walfinus Premium XXL 10er-Set Kratzfreie Spülschwamm, Putzschwamm, Reinigungsschwamm, Küchenschwamm, zweiseitige, Scheuerschwamm, Topfreiniger, waschbar -60 Grad 15x7x4cm zum wiederverwenden,15,97 €,https://m.media-amazon.com/images/I/81a47VrIG+L._AC_UL320_.jpg
isinlive 4 Pack Wasserfilter Kartuschen Kompatibel mit Brita Maxtra+ Krug, Brita Style, Mavea Elemaris XL Wassertank,12,99 €,https://m.media-amazon.com/images/I/51na8XGSdcL._AC_UL320_.jpg
ETA Beutelloser Staubsauger Grande Animal I 850W I 2X HEPA-Filter I 3.2l Volumen I Einzigartiger DermoPet-Aufsatz für Tierfelle und Tierhaare I Bodenstaubsauger,133,87 €,https://m.media-amazon.com/images/I/71DB69hiP+L._AC_UL320_.jpg
LEHMANN LHOCV-7018 Zyklon Staubsauger beutellos | Bodenstaubsauger mit Zyklontechnologie | Zylinder-Staubsauger mit Düsensatz | Hochleistungskraft 4000 Watt, HEPA-Filter, 1,8 L,69,99 €,https://m.media-amazon.com/images/I/71NXZ3ZSkbL._AC_UL320_.jpg
KOG Damen T-Shirt Fashion Leinenhemd Hemd Elegante Kurzarm T-Shirts Frau Tee T-Shirt Freizeit Tie-Dye Muster Bekleidung S - 5XL,9,97 €,https://m.media-amazon.com/images/I/6151eOlh+ZL._AC_UL320_.jpg
KOG Leinenhose Damen Sommer Cargohose Sommerhose Leicht Baumwolle Jogginghose mit Taschen S - 4XL,9,97 €,https://m.media-amazon.com/images/I/51V5E+ZemIL._AC_UL320_.jpg
KOG Tshirt Damen Sommer Casual Basic Shirt Einfarbig Kurzarm Tee Tops Große Größen T Shirt Oberteile Baumwolle Elegant Bluse S - 5XL,6,69 €,https://m.media-amazon.com/images/I/71dHcTD9l9S._AC_UL320_.jpg
Zweiteiler Damen Sommer Baumwolle Leinen Top und Caprihose Musselin Hosenanzug Elegant Loungewear Set Freizeitanzug mit Taschen Leinenanzug Outfit Casual Ärmellos Anzug Leicht Hosenanzüge M - 4XL,18,49 €,https://m.media-amazon.com/images/I/61-jdMID2SL._AC_UL320_.jpg
KOG Damen T-Shirt Sommer Einfarbig Tshirt Casual Baumwolle Tee Shirt Frauen Oberteil Oversized Blusenshirt Frau Rundhals Elegante Bluse Longshirt S - 3XL,8,77 €,https://m.media-amazon.com/images/I/71mZPkS+q+L._AC_UL320_.jpg
Amazon Basics - Optische Maus mit 3 Tasten und USB-Anschluss für Windows und Mac OS X, Schwarz & Kabellose Computer-Maus mit USB-Nano-Empfänger, Schwarz,18,29 €,https://m.media-amazon.com/images/I/41gP6swBfjS._AC_UL320_.jpg
Panasonic batteries, Alkaline Power, AAA-Alkalisch batterien, 40 Stück, Micro, LR03, 1.5V, Auslaufschutz, 7 Jahre bei Lagerung, für Fernbedienungen, Waagen, Uhren, langlebige, verlässliche Energie,13,99 €,https://m.media-amazon.com/images/I/71S10YnWavL._AC_UL320_.jpg
FM London 5er-Pack Bambus-Herren-Boxershorts mit Stretch-Fit-Design,28,99 €,https://m.media-amazon.com/images/I/71a6HP50OhL._AC_UL320_.jpg
MASKO® Werkzeugkoffer 1299-teilig gefüllt | Werkzeugset im Aluminiumkoffer | Werkzeugkasten mit Rollen | Werkzeugkiste Haushalt, Haus, Hobby, KFZ | Trolley-Funktion | Profi Werkzeugwagen Handwerkzeug,99,80 €,https://m.media-amazon.com/images/I/81RfdtQqrIL._AC_UL320_.jpg
T'nB - Kabellose Maus, Dual Mode Bluetooth und USB-A, Wiederaufladbar, Lange Akkulaufzeit, Leise, 1600 DPI Genauigkeit, 6 Tasten, Kompatibel mit Windows, Linus und MacOs - Pinke,19,90 €,https://m.media-amazon.com/images/I/61MiIbksN-L._AC_UL320_.jpg
KOG Langarmshirt für Damen Basic Langarm Bluse Bekleidung Einfarbig Shirts Elegante Blusen Frauen Slim Fit Longbluse Casual Herbst Top Fashion Oberteil Winter Sweatshirt Baumwolle Pullover S - 3XL,11,47 €,https://m.media-amazon.com/images/I/61OtV3DhlwL._AC_UL320_.jpg
BRITA Wasserfilter Kanne Marella weiß (2,4l) inkl. 12x MAXTRA PRO All-in-1 Kartusche (Jahresvorrat) – Wasserfilter zur Reduzierung von Kalk, Chlor, Blei, Kupfer & geschmacksstörenden Stoffen im Wasser,70,49 €,https://m.media-amazon.com/images/I/8107PoS+S4L._AC_UL320_.jpg
Amazon Basics Schleifklotz, Gummi,6,63 €,https://m.media-amazon.com/images/I/71b0ssoDuJL._AC_UL320_.jpg
SPARES2GO Sekundäres Schaumstofffilter-Set für AmazonBasics VCS35B15KC-70EUK ‎15KC-71EU4 beutelloser Zylinder, 1,5 l, 700 W Staubsauger,17,15 €,https://m.media-amazon.com/images/I/718uy2Jz4PL._AC_UL320_.jpg
Wolkenfeld Bettwäsche 135x200 Bettwäsche Set grau anthrazit - Oeko-Tex Zertifiziert - 1x Bettbezug 135 x 200 + 1x Kissenbezug 80x80,26,18 €,https://m.media-amazon.com/images/I/81q1LKsOJYL._AC_UL320_.jpg
AGPTEK Bluetooth & 2.4GHz Wireless Barcode Scanner-für Farbbarcodes, 2D/1D QR Code Reader, Batteriestandsanzeige, anpassbaren Einstellungen & kabelloser Ladestation,69,99 €,https://m.media-amazon.com/images/I/61PvomhrCgL._AC_UL320_.jpg
HappyFilter Kalk Wasserfilter 2 | kein separater Wasserhahn nötig | nachhaltiges Design | keine verkalkten Küchengeräte mehr | Aktivkohlefilter | Quick Change | einfache Installation,129,00 €,https://m.media-amazon.com/images/I/611uQTj+f9L._AC_UL320_.jpg
CICMOD AA und AAA Akku Set, 16 Stück Akku Wiederaufladbare - 8 Stück AA Akku 2500mAh und 8 Stück AAA Akku 1000mAh 1,2V NI-MH Solar Aufladbare Akkubatterien,14,99 €,https://m.media-amazon.com/images/I/71wWyV5IoRL._AC_UL320_.jpg
Staubsaugerbeutel ähnlich AMAZONBASICS X11, 10 Staubbeutel + 2 Mikro-Filter + 2 Motor-Filter,16,90 €,https://m.media-amazon.com/images/I/61RydCAsBBL._AC_UL320_.jpg
vhbw 10x Staubbeutel kompatibel mit AmazonBasics Bodenstaubsauger 1,5l Staubsauger - 32cm x 24cm Weiß,16,79 €,https://m.media-amazon.com/images/I/8148top5mBL._AC_UL320_.jpg
Staubsaugerbeutel ähnlich AMAZONBASICS R41, 10 Staubbeutel + 1 Mikro-Filter,14,90 €,https://m.media-amazon.com/images/I/61OyZ4W69bL._AC_UL320_.jpg
Staubsaugerbeutel ähnlich AMAZONBASICS R11, 10 Staubbeutel + 1 Mikro-Filter,14,90 €,https://m.media-amazon.com/images/I/61OyZ4W69bL._AC_UL320_.jpg
vhbw 10x Staubsaugerbeutel kompatibel mit AmazonBasics Bodenstaubsauger 3,0l Staubsauger - Mikrovlies, 31,5cm x 30cm Weiß,14,39 €,https://m.media-amazon.com/images/I/716iZ9bVU5L._AC_UL320_.jpg
SPARES2GO Staubsaugerbeutel kompatibel mit AmazonBasics 1,5L Staubsauger (5 Stück + Lufterfrischer),14,99 €,https://m.media-amazon.com/images/I/61AADl7gOXL._AC_UL320_.jpg
Staubsaugerbeutel ähnlich AMAZONBASICS 15C, 10 Staubbeutel + 1 Mikro-Filter,14,90 €,https://m.media-amazon.com/images/I/61gs+lJuNSL._AC_UL320_.jpg
Staubsaugerbeutel ähnlich AMAZONBASICS 12M, 10 Staubbeutel + 1 Mikro-Filter,14,90 €,https://m.media-amazon.com/images/I/61Ss+vSlwiL._AC_UL320_.jpg
SPARES2GO Filter-Set kompatibel mit AmazonBasics AB500 Staubsauger,13,49 €,https://m.media-amazon.com/images/I/61+Ixdud9rL._AC_UL320_.jpg
SPARES2GO Schlanke Bürste für harte Böden, kompatibel mit AmazonBasics VCB43B1-70EUK Staubsauger,13,79 €,https://m.media-amazon.com/images/I/61gINkap7GL._AC_UL320_.jpg
Reinica 20 Staubsaugerbeutel für AmazonBasics 12M Staubbeutel Saugerbeutel Beutel Filterbeutel Staubfilterbeutel Staubfiltertüten Staubsaugerbeutel Staubsaugertüten,14,07 €,https://m.media-amazon.com/images/I/61JSt0tHP+L._AC_UL320_.jpg
Amazon Basics 40L Reiserucksack, Handgepäck-Kabinentasche (51x38x20cm), Gepolsterte Träger, 17" Laptop-Fach, Organisierte Taschen - Schwarz,55,26 €,https://m.media-amazon.com/images/I/81cKZpZzm5L._AC_UL320_.jpg
Reinica 20 Staubsaugerbeutel für AmazonBasics 15C Staubbeutel Saugerbeutel Beutel Filterbeutel Staubfilterbeutel Staubfiltertüten Staubsaugerbeutel Staubsaugertüten,14,07 €,https://m.media-amazon.com/images/I/61JSt0tHP+L._AC_UL320_.jpg
Maxorado Staubsauger Polster Düse Matratzendüse 32/35mm Polsterdüse Ersatzteil kompatibel mit Amazon Basics amazonbasics 15KC-71EU4 VCS35B17K 16H-71EU4 15C-71EU4 12M-71EU4 Staubsaugerdüse Bürste,12,90 €,https://m.media-amazon.com/images/I/51twwXLuZUL._AC_UL320_.jpg
AmazonBasics Garment Bag, 40-Inch,Null,https://m.media-amazon.com/images/I/8132FT+2jFL._AC_UL320_.jpg
AmazonBasics Osterpapier-Set, 30 Blatt, glänzend, Rosa, 35 x 50 cm, rosa-goldene Punkte, 3 Stile, dekoratives Kunstpapier für selbstgemachte Hochzeiten, Geburtstage,12,20 €,https://m.media-amazon.com/images/I/71dVVB90WyL._AC_UL320_.jpg
vhbw 2x Staubsaugerfilter kompatibel mit AmazonBasics VCS35B15KC-70, BO71VNCN2F, B071VNCNLF Staubsauger - HEPA Filter,12,89 €,https://m.media-amazon.com/images/I/81x5K4fcUAL._AC_UL320_.jpg
Spares2go Mini-Reinigungsdüsen-Set, kompatibel mit AmazonBasics Staubsauger,11,69 €,https://m.media-amazon.com/images/I/71kDCaz34WL._AC_UL320_.jpg
AmazonBasics G51-Staubsaugerbeutel mit Geruchskontrolle für Amazon Basics 1,5 l; AEG: Berry, Original, und Smart; Dirt Devil: EQU Silence, Fantasy, Popster, Galileo und weitere (Packung mit 8 Stück),24,32 €,https://m.media-amazon.com/images/I/41WsWA0CKoL._AC_UL320_.jpg
Energizer Batterien AAA, Alkaline Power, 24 Stück & AmazonBasics AA-Alkalibatterien, leistungsstark, 1,5 V, 20 Stück (Aussehen kann variieren),23,61 €,https://m.media-amazon.com/images/I/01QFb8SNuTL._AC_UL320_.gif
KOG Leinenhose Damen Leicht Sommerhose Elegante Leinen Cargohose Einfarbige Frau Jogginghose Bequem Yoga Hose Lounge Stoffhose Frau Wanderhose Strandhose Freizeithose Relaxhose S - 5XL,11,97 €,https://m.media-amazon.com/images/I/51ykfertxqL._AC_UL320_.jpg
Betz 12 TLG. Handtuch Set Berlin 100% Baumwolle 2 Liegetücher 4 Handtücher 2 Gästetücher 2 Seiflappen 2 Waschhandschuhe Farbe Graphit,41,50 €,https://m.media-amazon.com/images/I/91iGdeyXOgL._AC_UL320_.jpg
SPARES2GO Sekundärschaum-HEPA-Filter-Set für AmazonBasics VCS35B15KC-70EUK ‎15KC-71EU4 beutelloser Zylinder, 1,5 l, 700 W Staubsauger,22,98 €,https://m.media-amazon.com/images/I/71bpIrZY6OL._AC_UL320_.jpg
AmazonBasics – BrieFcase Wires, blanko mit Verstärkungsloch, Orange, 16,5 x 8,9 cm, langlebige, wasserdichte Hängeetiketten, 100 Stück,23,49 €,https://m.media-amazon.com/images/I/71K6FPdSUvL._AC_UL320_.jpg
Reinica 10 Staubsaugerbeutel für AmazonBasics 15C Beutel Staubbeutel Saugerbeutel,23,44 €,https://m.media-amazon.com/images/I/51eaWjNTRrL._AC_UL320_.jpg
Spares2go Staubsaugerbeutel für AmazonBasics VCB43B1-70EUK Cylinder 3.0L Staubsauger, 15 Stück,23,09 €,https://m.media-amazon.com/images/I/71vKqWLxz3L._AC_UL320_.jpg
PakTrade 4 Staubsaugerbeutel + Deo-Perlen kompatibel mit AmazonBasics 12M; Bob Home 2567 | kompatibel mit Swirl Y101 - Y 101 | 4 Beutel, Lufterfrischer, Zubehör, Ersatzteile,17,95 €,https://m.media-amazon.com/images/I/81w5fevFArL._AC_UL320_.jpg
SPARES2GO Filter-Set kompatibel mit AmazonBasics AB500 Staubsauger (je 2 Stück),20,99 €,https://m.media-amazon.com/images/I/61GOQx55sIL._AC_UL320_.jpg
Maxorado Staubsauger Aufsatz Set I Staubpinsel Polsterdüse Fugendüse I Ersatzteil 32mm 35mm für Amazon Basics amazonbasics 15KC-71EU4 VCS35B17K 16H-71EU4 15C-71EU4 12M-71EU4 Staubsaugerdüse,19,90 €,https://m.media-amazon.com/images/I/71CYMNmO2sL._AC_UL320_.jpg
Maxorado Staubpinsel Set Düse Staubsauger-aufsatz Möbelpinsel Bürste Ersatzteil für Amazon Basics amazonbasics 15KC-71EU4 VCS35B17K 16H-71EU4 15C-71EU4 12M-71EU4 Nass Trocken Industriestaubsauger,17,90 €,https://m.media-amazon.com/images/I/71KoQ7TwzcL._AC_UL320_.jpg
Maxorado Staubsauger Aufsatz Set I Staubpinsel Möbelpinsel Polsterdüse Fugendüse I Auto Wohnung I Zubehör Ersatzteil 32mm / 35mm für Bosch Kärcher Siemens Miele Rowenta Parkside amazonbasics,19,90 €,https://m.media-amazon.com/images/I/71dKf-aA1rL._AC_UL320_.jpg
KOG Leinen T-Shirts Damen Shirts Elegant Sommer Bluse Printed Basic Shirt Kurzarm Oberteile Baumwolle Leinen Lässig Tunika Frau Große Größen Oberteil Casual Tshirt,9,97 €,https://m.media-amazon.com/images/I/61+a81gC5XL._AC_UL320_.jpg
Spares2go Staubsaugerbeutel für AmazonBasics VCB43B1-70EUK Zylinder 3.0L Staubsauger (10 Stück) + Lufterfrischer,19,09 €,https://m.media-amazon.com/images/I/71CfSN17z9L._AC_UL320_.jpg
Logitech Wireless Keyboard K270 (QWERTY, englisches Tastaturlayout) mit AmazonBasics Batterien,43,70 €,https://m.media-amazon.com/images/I/51m1mYEz3hL._AC_UL320_.jpg
ELONEO Klappmatratze, Gästematratze, 3-teilige Faltmatratze, Schaumstoff extra dick (15cm), waschbar, Bandscheibenwürfel, klappbar, Faltbare Matratze, Erwachsene (Schwarz, 75 x 195 x 15 cm),59,49 €,https://m.media-amazon.com/images/I/7180MpyExFL._AC_UL320_.jpg
vhbw 5X Staubsaugerbeutel kompatibel mit AmazonBasics Bodenstaubsauger 3,0l Staubsauger - Mikrovlies, 31,5cm x 30cm Weiß,10,69 €,https://m.media-amazon.com/images/I/716iZ9bVU5L._AC_UL320_.jpg
AmazonBasics: 5 Frisierumhänge in 3 verschiedenen Farben (Mengenrabatt), 45 x 65 cm, 100% Polyester, wiederverwendbar, Brusthöhe, Bindeband im Nacken,11,22 €,https://m.media-amazon.com/images/I/91LFKqiqEUL._AC_UL320_.jpg
Reinica 10 Staubsaugerbeutel für AmazonBasics 12M Staubbeutel Saugerbeutel Beutel Filterbeutel Staubfilterbeutel Staubfiltertüten Staubsaugerbeutel Staubsaugertüten,9,57 €,https://m.media-amazon.com/images/I/61JSt0tHP+L._AC_UL320_.jpg
HappyFilter Kalk Wasserfilter | kein separater Wasserhahn nötig | nachhaltiges Design | keine verkalkten Küchengeräte mehr | Aktivkohlefilter | Quick Change System | sehr einfache Installation…,99,00 €,https://m.media-amazon.com/images/I/61WuJlFbc0L._AC_UL320_.jpg
2 x Reisepasshülle für den NEUEN Reisepass (ab April 2017), dokumentenecht und transparent in reißfester Schutzhülle. Schützt Ihren Pass vor Wasser, Staub und Schmutz | Zwei Passport Holders im Set,5,97 €,https://m.media-amazon.com/images/I/71XTOwFdo5L._AC_UL320_.jpg
tec for me Microfasertücher 12 Stück in Spenderbox,9,99 €,https://m.media-amazon.com/images/I/81TiiaXzEDL._AC_UL320_.jpg
Lepro AA & AAA Batterien, 24 Stück AA + 24 Stück AAA, Alkaline Batterie 1,5V - Langlebig, Leistungsstark & Auslaufsicher, Ideal für Fernbedienungen, Spielzeug, Uhren, Taschenlampen UVM,15,98 €,https://m.media-amazon.com/images/I/71SpO-ceWBL._AC_UL320_.jpg
PakTrade 4 Staubsaugerbeutel + Deo-Perlen kompatibel mit AmazonBasics 12M; Bob Home 2567 | kompatibel mit Swirl Y101 - Y 101 | 4 Beutel, Lufterfrischer, Zubehör, Ersatzteile,17,95 €,https://m.media-amazon.com/images/I/81w5fevFArL._AC_UL320_.jpg
SPARES2GO Filter-Set kompatibel mit AmazonBasics AB500 Staubsauger (je 2 Stück),20,99 €,https://m.media-amazon.com/images/I/61GOQx55sIL._AC_UL320_.jpg
Maxorado Staubsauger Aufsatz Set I Staubpinsel Polsterdüse Fugendüse I Ersatzteil 32mm 35mm für Amazon Basics amazonbasics 15KC-71EU4 VCS35B17K 16H-71EU4 15C-71EU4 12M-71EU4 Staubsaugerdüse,19,90 €,https://m.media-amazon.com/images/I/71CYMNmO2sL._AC_UL320_.jpg
Maxorado Staubpinsel Set Düse Staubsauger-aufsatz Möbelpinsel Bürste Ersatzteil für Amazon Basics amazonbasics 15KC-71EU4 VCS35B17K 16H-71EU4 15C-71EU4 12M-71EU4 Nass Trocken Industriestaubsauger,17,90 €,https://m.media-amazon.com/images/I/71KoQ7TwzcL._AC_UL320_.jpg
Maxorado Staubsauger Aufsatz Set I Staubpinsel Möbelpinsel Polsterdüse Fugendüse I Auto Wohnung I Zubehör Ersatzteil 32mm / 35mm für Bosch Kärcher Siemens Miele Rowenta Parkside amazonbasics,19,90 €,https://m.media-amazon.com/images/I/71dKf-aA1rL._AC_UL320_.jpg
Spares2go Staubsaugerbeutel für AmazonBasics VCB43B1-70EUK Zylinder 3.0L Staubsauger (10 Stück) + Lufterfrischer,19,09 €,https://m.media-amazon.com/images/I/71CfSN17z9L._AC_UL320_.jpg
BEIBYE Zwillingsrollen 2066 Hartschale Trolley Koffer Reisekoffer Gepäck M-L-XL-Set (Schwarz, M),39,90 €,https://m.media-amazon.com/images/I/91jF9VAWH2L._AC_UL320_.jpg
Buymax® Spannbettlaken 100x200cm Baumwolle 100% Spannbetttuch Bettlaken Jersey, Matratzenhöhe bis 25 cm, Farbe Anthrazit,10,85 €,https://m.media-amazon.com/images/I/61-XBHOiYKL._AC_UL320_.jpg
USB 14250 Lithium Ionen Aufladbare Akkus, 3.7V 300mAh wiederaufladbare batterien 1/2 AA Größe kann Batterien 3.6 Volt LS14250 ER14250 CR14250 ersetzen Akku, Typ C Ladekabel, Überladeschutz, 4er-Pack,19,66 €,https://m.media-amazon.com/images/I/51rQ4YoYbOL._AC_UL320_.jpg
SONGMICS Bürostuhl, ergonomischer Schreibtischstuhl, Drehstuhl, gepolsterter Sitz, höhenverstellbar und neigbar, bis 120 kg belastbar, schwarz OBN034B01,62,99 €,https://m.media-amazon.com/images/I/61kKtA4ttWL._AC_UL320_.jpg
Logitech Wireless Keyboard K270 (QWERTY, englisches Tastaturlayout) mit AmazonBasics Batterien,43,70 €,https://m.media-amazon.com/images/I/51m1mYEz3hL._AC_UL320_.jpg
ELONEO Klappmatratze, Gästematratze, 3-teilige Faltmatratze, Schaumstoff extra dick (15cm), waschbar, Bandscheibenwürfel, klappbar, Faltbare Matratze, Erwachsene (Schwarz, 75 x 195 x 15 cm),59,49 €,https://m.media-amazon.com/images/I/7180MpyExFL._AC_UL320_.jpg
vhbw 5X Staubsaugerbeutel kompatibel mit AmazonBasics Bodenstaubsauger 3,0l Staubsauger - Mikrovlies, 31,5cm x 30cm Weiß,10,69 €,https://m.media-amazon.com/images/I/716iZ9bVU5L._AC_UL320_.jpg
AmazonBasics: 5 Frisierumhänge in 3 verschiedenen Farben (Mengenrabatt), 45 x 65 cm, 100% Polyester, wiederverwendbar, Brusthöhe, Bindeband im Nacken,11,22 €,https://m.media-amazon.com/images/I/91LFKqiqEUL._AC_UL320_.jpg
kwb 1 mm Mini Aluminium-Wasserwaage 20 cm - Präzise geschliffen, gesicherte Libelle - Stoßschutz aus Gummi - Schwarz/Rot,6,56 €,https://m.media-amazon.com/images/I/71s8Ng4W4mS._AC_UL320_.jpg
BULLIANT Gürtel Herren, Gürtel Ratsche Ledergürtel Automatikschließe für Herren Anzug Business Kleidung,Breit 35mm,Größe Angepasst,14,99 €,https://m.media-amazon.com/images/I/71PCPcDgfKL._AC_UL320_.jpg
Uineer kabellose Maus, [Verbessert] Mit visueller Batterieanzeige, 2.4G USB Ergonomische Maus kabellos, 4 einstellbare DPI-Stufen,PC Mouse für Büro- oder Gaming,Mattschwarz,12,74 €,https://m.media-amazon.com/images/I/513fpuHZBcL._AC_UL320_.jpg
Walfinus Premium XXL 8 er-Set Kratzfreie Spülschwamm, Putzschwamm, Reinigungsschwamm, Küchenschwamm, zweiseitige, Scheuerschwamm, Topfreiniger, waschbar -60 Grad 15x7x4cm zum wiederverwenden,14,57 €,https://m.media-amazon.com/images/I/81U9G+lWZFL._AC_UL320_.jpg
KOG Langarmshirt Damen Langarm Bekleidung Einfarbige T-Shirts Elegant Langärmeliges Shirts Frau T-Shirt Casual Einfarbig Kleidung Teenager Mädchen Basic Shirt Fashion Blusen & Tuniken Baumwolle Tops,9,97 €,https://m.media-amazon.com/images/I/61F3Ic8l5SL._AC_UL320_.jpg
Reinica 10 Staubsaugerbeutel für AmazonBasics 12M Staubbeutel Saugerbeutel Beutel Filterbeutel Staubfilterbeutel Staubfiltertüten Staubsaugerbeutel Staubsaugertüten,9,57 €,https://m.media-amazon.com/images/I/61JSt0tHP+L._AC_UL320_.jpg
Wicked Chili Auto Halterung mit Kugelgelenk für Apple iPhone XS / X / 8 / 7 / 6 / SE / 5 Apple KFZ Handy Autohalterung Smartphone Scheibe (Made in Germany, Hülle & Case friendly) AmazonBasics - Lightning-auf-USB-A-Kabel, Premium-Kollektion, 1,8 m, 1er-Pack - Schwarz,27,60 €,https://m.media-amazon.com/images/I/51+LpjvqaNL._AC_UL320_.jpg
SPARES2GO Bodenbürsten-Werkzeug, kompatibel mit AmazonBasics VCB43B1-70EUK Staubsauger,26,99 €,https://m.media-amazon.com/images/I/61jzvDkwrmL._AC_UL320_.jpg
BAGAIL Mikrofaser Handtuch - Kompakt, Ultra Leicht, Schnelltrocknend - Microfaser Handtücher mit Atmungsaktive Eva Box - Perfekte Sporthandtuch, Strandhandtuch, Reisehandtuch und Badehandtücher,21,99 €,https://m.media-amazon.com/images/I/71v7qq3tSjL._AC_UL320_.jpg
vhbw 6X Wasserfilter kompatibel mit AmazonBasics Filterkanne, Wasserkanne,27,49 €,https://m.media-amazon.com/images/I/61KJVYqfuML._AC_UL320_.jpg
SPARES2GO Staubsaugerbeutel für AmazonBasics VCB43B1-70EUK Zylinder-Staubsauger, 3,0 l, 20 Stück,29,79 €,https://m.media-amazon.com/images/I/71mLjMgRXQL._AC_UL320_.jpg
KOG Leinenbluse Damen Elegante Baumwolle Leinen Tshirt Leinenshirt Lose Kurzarm Blusen Frau Longshirt Oversized Tee T-Shirt Teenager Mädchen Freizeit Longbluse Leinenhemd Große Größen Bluse Oberteile,6,97 €,https://m.media-amazon.com/images/I/710y6cyBiKL._AC_UL320_.jpg
